序号,aweme_id,描述,时长(秒),发布时间,作者,点赞数,评论数,收藏数,分享数,播放数,封面URL,播放URL,分享链接
1,7465228756593036581,少女的盛夏永不落幕 ☆^•ω<^ ੭           #日本 #神的随波逐流 #旅行转场 #宅舞,17.3,2025-01-29 15:01:09,白昼小熊,4205206,20569,257312,489842,50919174,https://p3-pc-sign.douyinpic.com/image-cut-tos-priv/6b85409f6d8d24e1fa0123571184c523~tplv-dy-resize-origshort-autoq-75:330.jpeg?lk3s=138a59ce&x-expires=2091265200&x-signature=5ylNi1T8iALPovnS4qfL2%2BUmecM%3D&from=327834062&s=PackSourceEnum_MIX_AWEME&se=false&sc=cover&biz_tag=pcweb_cover&l=20260411192027AAAD1E91E590690844CE,https://v26-web.douyinvod.com/99e43a1d300d37120cc3b007e4f30927/69da58bc/video/tos/cn/tos-cn-ve-15c001-alinc2/oM1mU1iiuJeiQEhIKBizAbrBgAD3IAbUfOzAG6/?a=6383&ch=54&cr=3&dr=0&lr=all&cd=0%7C0%7C0%7C3&cv=1&br=4129&bt=4129&cs=0&ds=4&ft=AJkeU_TLRR0si0C4kYj2Nc.xBiGNbLPE3O-U_4YPfb2JNv7TGW&mime_type=video_mp4&qs=0&rc=ZTQ3N2Y0PGZoOGQ7Ojw5ZUBpM287bHQ5cmR3eDMzNGkzM0BjNTY1MTUtNTMxNWBeLV5fYSMtYWBuMmRjL2BgLS1kLTBzcw%3D%3D&btag=80000e00010000&cquery=100z_100o_101B_100B_100x&dy_q=1775906427&feature_id=136e8d81b95d650c236697554379e663&l=20260411192027AAAD1E91E590690844CE,https://www.iesdouyin.com/share/video/7465228756593036581/?region=CN&mid=7454163489561922319&u_code=0&did=MS4wLjABAAAANwkJuWIRFOzg5uCpDRpMj4OX-QryoDgn-yYlXQnRwQQ&iid=MS4wLjABAAAANwkJuWIRFOzg5uCpDRpMj4OX-QryoDgn-yYlXQnRwQQ&with_sec_did=1&video_share_track_ver=&titleType=title&share_sign=xrmj6OnCdY157az1NBtS8_KcFMpFIxbH_yMVmeDxh0U-&share_version=170400&ts=1775906427&from_aid=6383&from_ssr=1&share_track_info=%7B%22link_description_type%22%3A%22%22%7D
2,7616664549499911538,你一句追你的人排到了法国，我就来巴黎排队了 #旅行转场#粉彩系#我为粉彩系代言#hello时尚季,14.8,2026-03-13 17:08:30,白昼小熊,7058689,67423,355963,556022,191492505,https://p3-pc-sign.douyinpic.com/image-cut-tos-priv/93293417b9c6bc23b8d86b3b71d1f66a~tplv-dy-resize-origshort-autoq-75:330.jpeg?lk3s=138a59ce&x-expires=2091265200&x-signature=jh82A9N2pjmHCVmIN1%2B4bH%2B2Ws0%3D&from=327834062&s=PackSourceEnum_MIX_AWEME&se=false&sc=cover&biz_tag=pcweb_cover&l=20260411192027AAAD1E91E590690844CE,https://v26-web.douyinvod.com/ccb8353889eb7f5a373977c10235604a/69da58b9/video/tos/cn/tos-cn-ve-15/o0bz9pGHsW2EA1kNAAEGNePf0ZLgNFIDQbNBv9/?a=6383&ch=54&cr=3&dr=0&lr=all&cd=0%7C0%7C0%7C3&cv=1&br=3383&bt=3383&cs=0&ds=4&ft=AJkeU_TLRR0si0C4kYj2Nc.xBiGNbLPE3O-U_4YPfb2JNv7TGW&mime_type=video_mp4&qs=0&rc=Ozg8NzM4OmZpZWVkOmU0NUBpamc4d3g5cnd3OTMzNGkzM0AvYGE1YTYuXzYxMDVhNl5gYSNramcwMmQ0NG1hLS1kLWFzcw%3D%3D&btag=80000e00010000&cquery=100o_101B_100B_100x_100z&dy_q=1775906427&feature_id=37f92ebd2877ae8e7eba995d406c5150&l=20260411192027AAAD1E91E590690844CE,https://www.iesdouyin.com/share/video/7616664549499911538/?region=CN&mid=7616664499705580330&u_code=0&did=MS4wLjABAAAANwkJuWIRFOzg5uCpDRpMj4OX-QryoDgn-yYlXQnRwQQ&iid=MS4wLjABAAAANwkJuWIRFOzg5uCpDRpMj4OX-QryoDgn-yYlXQnRwQQ&with_sec_did=1&video_share_track_ver=&titleType=title&share_sign=3RoiG5zMnCaGFVY1qaAB8W9WHbxhgk.TcRoIwvH7BqY-&share_version=170400&ts=1775906427&from_aid=6383&from_ssr=1&share_track_info=%7B%22link_description_type%22%3A%22%22%7D
3,7482959476455148851,意想不到的旅行转场也是被我拍上了… #旅行转场,13.1,2025-03-18 09:45:02,白昼小熊,2718642,12305,179903,464796,34767309,https://p3-pc-sign.douyinpic.com/image-cut-tos-priv/09ff666734d8c29f86012071e5b1d701~tplv-dy-resize-origshort-autoq-75:330.jpeg?lk3s=138a59ce&x-expires=2091265200&x-signature=0jy6NZ3QcUSIOpitPaXjKVNibH0%3D&from=327834062&s=PackSourceEnum_MIX_AWEME&se=false&sc=cover&biz_tag=pcweb_cover&l=20260411192027AAAD1E91E590690844CE,https://v26-web.douyinvod.com/8142e96fffda167ac48875493bf8702f/69da58b8/video/tos/cn/tos-cn-ve-15/oggEPIwcQBawjAGx9FjYPbIQiA9iZE0DQIjzQ/?a=6383&ch=54&cr=3&dr=0&lr=all&cd=0%7C0%7C0%7C3&cv=1&br=4090&bt=4090&cs=0&ds=4&ft=AJkeU_TLRR0si0C4kYj2Nc.xBiGNbLPE3O-U_4YPfb2JNv7TGW&mime_type=video_mp4&qs=0&rc=Njs0NGc7ZTczO2Q6PDlpZUBpM3ZuN2s5cjZneTMzNGkzM0A1YGAuX2IvXi4xL2NhYDYzYSNhZC0vMmQ0LWBgLS1kLTBzcw%3D%3D&btag=80000e00008000&cquery=101B_100B_100x_100z_100o&dy_q=1775906427&feature_id=46a7bb47b4fd1280f3d3825bf2b29388&l=20260411192027AAAD1E91E590690844CE,https://www.iesdouyin.com/share/video/7482959476455148851/?region=CN&mid=7482959538958633765&u_code=0&did=MS4wLjABAAAANwkJuWIRFOzg5uCpDRpMj4OX-QryoDgn-yYlXQnRwQQ&iid=MS4wLjABAAAANwkJuWIRFOzg5uCpDRpMj4OX-QryoDgn-yYlXQnRwQQ&with_sec_did=1&video_share_track_ver=&titleType=title&share_sign=RI2mFf9_tKCFsGtHXH8XoFHqX0Oq4JMCL3mOkufKi.M-&share_version=170400&ts=1775906427&from_aid=6383&from_ssr=1&share_track_info=%7B%22link_description_type%22%3A%22%22%7D
4,7465600924837301514,古希腊掌管吃饭转场的神！ （原创cr.壶提提） #转场 #吃货日常,7.3,2025-01-30 15:05:01,白昼小熊,2243070,13110,126021,430405,34107389,https://p3-pc-sign.douyinpic.com/image-cut-tos-priv/9cb1a948544d77a7af2ccc46b084013e~tplv-dy-resize-origshort-autoq-75:330.jpeg?lk3s=138a59ce&x-expires=2091265200&x-signature=ZoevaYQ%2B7e%2B8vPVOi09V5Ll5Wfk%3D&from=327834062&s=PackSourceEnum_MIX_AWEME&se=false&sc=cover&biz_tag=pcweb_cover&l=20260411192027AAAD1E91E590690844CE,https://v26-web.douyinvod.com/8ce3549fb88da6787c05430bc4f9b71c/69da58b2/video/tos/cn/tos-cn-ve-15/ogh2QdBnAguIKv9gHEHrfgiAM2fDmFqRyDl2yA/?a=6383&ch=54&cr=3&dr=0&lr=all&cd=0%7C0%7C0%7C3&cv=1&br=4307&bt=4307&cs=0&ds=4&ft=AJkeU_TLRR0si0C4kYj2Nc.xBiGNbLPE3O-U_4YPfb2JNv7TGW&mime_type=video_mp4&qs=0&rc=Zjw3ZGlpZ2Y0NjZmNGhnaUBpM2s4aG85cndseDMzNGkzM0BhMl4yLjItX2MxXzMtNF8xYSM1Mm81MmRrNWFgLS1kLTBzcw%3D%3D&btag=80000e00008000&cquery=100o_101B_100B_100x_100z&dy_q=1775906427&feature_id=136e8d81b95d650c236697554379e663&l=20260411192027AAAD1E91E590690844CE,https://www.iesdouyin.com/share/video/7465600924837301514/?region=CN&mid=7465600932273867557&u_code=0&did=MS4wLjABAAAANwkJuWIRFOzg5uCpDRpMj4OX-QryoDgn-yYlXQnRwQQ&iid=MS4wLjABAAAANwkJuWIRFOzg5uCpDRpMj4OX-QryoDgn-yYlXQnRwQQ&with_sec_did=1&video_share_track_ver=&titleType=title&share_sign=XbLVVUszLSsDh6brJJ9GxpLiJ_yQzD.W5i.LQK9zUck-&share_version=170400&ts=1775906427&from_aid=6383&from_ssr=1&share_track_info=%7B%22link_description_type%22%3A%22%22%7D
5,7388490675899141376,世界这么宽广 别只走进悲伤的墙角 #氛围感,12.6,2024-07-06 19:57:28,白昼小熊,1026982,3377,24462,48762,7654434,https://p3-pc-sign.douyinpic.com/image-cut-tos-priv/80acfdf5f117f30d93762ae54caefcc5~tplv-dy-resize-origshort-autoq-75:330.jpeg?lk3s=138a59ce&x-expires=2091265200&x-signature=3K3JvJGZBEfHOEXCkvP%2FGgCBkVg%3D&from=327834062&s=PackSourceEnum_MIX_AWEME&se=false&sc=cover&biz_tag=pcweb_cover&l=20260411192027AAAD1E91E590690844CE,https://v26-web.douyinvod.com/6f28bea6f0c9f1e35434a8c00fa66c2d/69da58b7/video/tos/cn/tos-cn-ve-15/oAoe8RimYGVgt0DLAkiDgygIBfAAiAQsvBczJE/?a=6383&ch=54&cr=3&dr=0&lr=all&cd=0%7C0%7C0%7C3&cv=1&br=4189&bt=4189&cs=0&ds=4&ft=AJkeU_TLRR0si0C4kYj2Nc.xBiGNbLPE3O-U_4YPfb2JNv7TGW&mime_type=video_mp4&qs=0&rc=M2c6NmQ4aWU2Mzk6Ojg2OkBpM2Y1c3Y5cjRtdDMzNGkzM0AuMi82MzYtNjIxYF8wLV5hYSNoczBeMmRzLzFgLS1kLTBzcw%3D%3D&btag=80000e00008000&cquery=101B_100B_100x_100z_100o&dy_q=1775906427&feature_id=59cb2766d89ae6284516c6a254e9fb61&l=20260411192027AAAD1E91E590690844CE,https://www.iesdouyin.com/share/video/7388490675899141376/?region=CN&mid=7388490367445863204&u_code=0&did=MS4wLjABAAAANwkJuWIRFOzg5uCpDRpMj4OX-QryoDgn-yYlXQnRwQQ&iid=MS4wLjABAAAANwkJuWIRFOzg5uCpDRpMj4OX-QryoDgn-yYlXQnRwQQ&with_sec_did=1&video_share_track_ver=&titleType=title&share_sign=G0H6_s8UeT2ZrmTbS0Tu6S2gmnAvMMoTVOGxsx_xpIk-&share_version=170400&ts=1775906427&from_aid=6383&from_ssr=1&share_track_info=%7B%22link_description_type%22%3A%22%22%7D
6,7462759680415190282,下课后一起走吧 #神户,20.6,2025-01-22 23:20:22,白昼小熊,1371674,5961,50305,215138,13324057,https://p3-pc-sign.douyinpic.com/image-cut-tos-priv/ba28b93bc5f086570ef9e915992d49fb~tplv-dy-resize-origshort-autoq-75:330.jpeg?lk3s=138a59ce&x-expires=2091265200&x-signature=as6yQpLfEHmlEkYtXJ%2FzFwcOeqs%3D&from=327834062&s=PackSourceEnum_MIX_AWEME&se=false&sc=cover&biz_tag=pcweb_cover&l=20260411192027AAAD1E91E590690844CE,https://v26-web.douyinvod.com/88ce15fcbd23a55b3f15a220cae53d43/69da58bf/video/tos/cn/tos-cn-ve-15/o0fnQEAWOg5IMsAATHHRuERDe0dfM8wIYebeqa/?a=6383&ch=54&cr=3&dr=0&lr=all&cd=0%7C0%7C0%7C3&cv=1&br=3969&bt=3969&cs=0&ds=4&ft=AJkeU_TLRR0si0C4kYj2Nc.xBiGNbLPE3O-U_4YPfb2JNv7TGW&mime_type=video_mp4&qs=0&rc=NmRoNzU1NzlnOjg1Zmg8OUBpamV5Oms5cm1qeDMzNGkzM0BfXy1gYjRfNWMxMDYwYzFeYSNqNF4uMmRzbDVgLS1kLTBzcw%3D%3D&btag=80000e00010000&cquery=100o_101B_100B_100x_100z&dy_q=1775906427&feature_id=136e8d81b95d650c236697554379e663&l=20260411192027AAAD1E91E590690844CE,https://www.iesdouyin.com/share/video/7462759680415190282/?region=CN&mid=7447514372462840614&u_code=0&did=MS4wLjABAAAANwkJuWIRFOzg5uCpDRpMj4OX-QryoDgn-yYlXQnRwQQ&iid=MS4wLjABAAAANwkJuWIRFOzg5uCpDRpMj4OX-QryoDgn-yYlXQnRwQQ&with_sec_did=1&video_share_track_ver=&titleType=title&share_sign=DoWDs.dAMykSw1hWrw7aDOoOcxdKQjrMzPyiKQGZNLI-&share_version=170400&ts=1775906427&from_aid=6383&from_ssr=1&share_track_info=%7B%22link_description_type%22%3A%22%22%7D
7,7366527396108832015,我喜欢晴天 你恰好是最好的太阳 #旅行碎片 #夏日清凉感硬核防晒 #玩乐嗨一夏,16.9,2024-05-08 15:28:50,白昼小熊,1234513,6501,41635,110771,16029337,https://p3-pc-sign.douyinpic.com/image-cut-tos-priv/8c95af2583b9e3701bdd89bec1936832~tplv-dy-resize-origshort-autoq-75:330.jpeg?lk3s=138a59ce&x-expires=2091265200&x-signature=vdnfKDOoNU%2BOY5WPt2LpPzul5io%3D&from=327834062&s=PackSourceEnum_MIX_AWEME&se=false&sc=cover&biz_tag=pcweb_cover&l=20260411192027AAAD1E91E590690844CE,https://v26-web.douyinvod.com/1f0a10cea6d64fd9248044b318c4df3d/69da58bb/video/tos/cn/tos-cn-ve-15c001-alinc2/osoLI4BzAghElleQIhuINQnAF2EzHfISZD15nA/?a=6383&ch=54&cr=3&dr=0&lr=all&cd=0%7C0%7C0%7C3&cv=1&br=4140&bt=4140&cs=0&ds=4&ft=AJkeU_TLRR0si0C4kYj2Nc.xBiGNbLPE3O-U_4YPfb2JNv7TGW&mime_type=video_mp4&qs=0&rc=ZjM8NzppOGc0ZTU5OjxlZ0BpMzp5NTs6ZnVscjMzNGkzM0BgMGIvNV8wX14xXjY0NjBhYSM1X3BocjQwZnFgLS1kLTBzcw%3D%3D&btag=80000e00010000&cquery=100B_100x_100z_100o_101B&dy_q=1775906427&feature_id=59cb2766d89ae6284516c6a254e9fb61&l=20260411192027AAAD1E91E590690844CE,https://www.iesdouyin.com/share/video/7366527396108832015/?region=CN&mid=7044046282171680798&u_code=0&did=MS4wLjABAAAANwkJuWIRFOzg5uCpDRpMj4OX-QryoDgn-yYlXQnRwQQ&iid=MS4wLjABAAAANwkJuWIRFOzg5uCpDRpMj4OX-QryoDgn-yYlXQnRwQQ&with_sec_did=1&video_share_track_ver=&titleType=title&share_sign=e5LzJXJuW0UGdoxcvJiYF9Tt7cNS9J.vHdfFTfIPNRM-&share_version=170400&ts=1775906427&from_aid=6383&from_ssr=1&share_track_info=%7B%22link_description_type%22%3A%22%22%7D
8,7452640602342067482,我与天坛  🌳 #北京,0,2024-12-26 16:52:27,白昼小熊,2180154,15288,90587,216639,19039004,https://p3-pc-sign.douyinpic.com/tos-cn-i-0813/ocBi4G7MEA5AD0tCbtWBfAOexiAiAAogAdszIS~noop.jpeg?lk3s=138a59ce&x-expires=1777114800&x-signature=MxdErJP%2Fp6cJQ0MxOMKWXfLrDdk%3D&from=327834062&s=PackSourceEnum_MIX_AWEME&se=false&biz_tag=pcweb_cover&l=20260411192027AAAD1E91E590690844CE,https://sf6-cdn-tos.douyinstatic.com/obj/ies-music/7127230852704324366.mp3,https://www.iesdouyin.com/share/video/7452640602342067482/?region=CN&mid=7127230854740708132&u_code=0&did=MS4wLjABAAAANwkJuWIRFOzg5uCpDRpMj4OX-QryoDgn-yYlXQnRwQQ&iid=MS4wLjABAAAANwkJuWIRFOzg5uCpDRpMj4OX-QryoDgn-yYlXQnRwQQ&with_sec_did=1&video_share_track_ver=&titleType=title&schema_type=37&share_sign=rz3yu8UF78l5fM5keQwOh0ddg.I0z9wCLRRMemOr1VU-&share_version=170400&ts=1775906427&from_aid=6383&from_ssr=1&share_track_info=%7B%22link_description_type%22%3A%22%22%7D
9,7590371673138229083,新的剧本以自由为主题！ （yc美味黄） #旅行转场 #云南,19.6,2026-01-01 20:38:45,白昼小熊,2743157,8152,131539,137356,36378605,https://p3-pc-sign.douyinpic.com/image-cut-tos-priv/eae7b4924e4436123900a8f45a78b510~tplv-dy-resize-origshort-autoq-75:330.jpeg?lk3s=138a59ce&x-expires=2091265200&x-signature=LQnIt9AVlMfeA75noNmPIOZyGDk%3D&from=327834062&s=PackSourceEnum_MIX_AWEME&se=false&sc=cover&biz_tag=pcweb_cover&l=20260411192027AAAD1E91E590690844CE,https://v26-web.douyinvod.com/3e4e5ac9ca500895623473b8309722ff/69da58be/video/tos/cn/tos-cn-ve-15c000-ce/ooS5MZiEIEw0UpqfHKioyo5XnRUJWAAGBBzeQ8/?a=6383&ch=54&cr=3&dr=0&lr=all&cd=0%7C0%7C0%7C3&cv=1&br=7914&bt=7914&cs=0&ds=4&ft=AJkeU_TLRR0si0C4kYj2Nc.xBiGNbLPE3O-U_4YPfb2JNv7TGW&mime_type=video_mp4&qs=0&rc=NTZmOzg3aDpkPGZnZ2k8NkBpamY4NHY5cmQ5ODMzbGkzNUBeYWFhLl41NTMxL2JeMzZiYSNnYm0wMmRjaF9hLS1kLTVzcw%3D%3D&btag=80000e00010000&cquery=100B_100x_100z_100o_101B&dy_q=1775906427&feature_id=59cb2766d89ae6284516c6a254e9fb61&l=20260411192027AAAD1E91E590690844CE,https://www.iesdouyin.com/share/video/7590371673138229083/?region=CN&mid=7590371651536456499&u_code=0&did=MS4wLjABAAAANwkJuWIRFOzg5uCpDRpMj4OX-QryoDgn-yYlXQnRwQQ&iid=MS4wLjABAAAANwkJuWIRFOzg5uCpDRpMj4OX-QryoDgn-yYlXQnRwQQ&with_sec_did=1&video_share_track_ver=&titleType=title&share_sign=j2W7qjT6n3hJqmMSmGSC3pmD44nEHjxXvis_OSRws7A-&share_version=170400&ts=1775906427&from_aid=6383&from_ssr=1&share_track_info=%7B%22link_description_type%22%3A%22%22%7D
10,7466356702552591654,梦想是穿好多漂亮衣服 （黄线外安全距离拍摄）#地铁随拍 #日本,12.7,2025-02-01 15:57:51,白昼小熊,769974,3371,37337,91711,10499149,https://p3-pc-sign.douyinpic.com/image-cut-tos-priv/910e8f3ea88f70972e6b62ee774ed699~tplv-dy-resize-origshort-autoq-75:330.jpeg?lk3s=138a59ce&x-expires=2091265200&x-signature=2S58p4VjthtVQ8aPT3DQCg7r3ZA%3D&from=327834062&s=PackSourceEnum_MIX_AWEME&se=false&sc=cover&biz_tag=pcweb_cover&l=20260411192027AAAD1E91E590690844CE,https://v26-web.douyinvod.com/750c9db36031da8a5e71ad7b839ec7ee/69da58b7/video/tos/cn/tos-cn-ve-15/oIRKvPfyeACugSG3BgaicpIABL7l6OuYBGIQBe/?a=6383&ch=54&cr=3&dr=0&lr=all&cd=0%7C0%7C0%7C3&cv=1&br=8082&bt=8082&cs=0&ds=4&ft=AJkeU_TLRR0si0C4kYj2Nc.xBiGNbLPE3O-U_4YPfb2JNv7TGW&mime_type=video_mp4&qs=0&rc=ZmU4ZDo5ZTg7Njw1OTVnOUBpam40OGw5cjl3eDMzNGkzM0AyYl9eMS1iNjAxMV4wXzNeYSNjLTFpMmRzNGJgLS1kLTBzcw%3D%3D&btag=80000e00008000&cquery=100o_101B_100B_100x_100z&dy_q=1775906427&feature_id=59cb2766d89ae6284516c6a254e9fb61&l=20260411192027AAAD1E91E590690844CE,https://www.iesdouyin.com/share/video/7466356702552591654/?region=CN&mid=7466356706541570826&u_code=0&did=MS4wLjABAAAANwkJuWIRFOzg5uCpDRpMj4OX-QryoDgn-yYlXQnRwQQ&iid=MS4wLjABAAAANwkJuWIRFOzg5uCpDRpMj4OX-QryoDgn-yYlXQnRwQQ&with_sec_did=1&video_share_track_ver=&titleType=title&share_sign=aQk.ebzxh6WjqjGg_nixVWCKgE3PTedp0UHlT6SNBh4-&share_version=170400&ts=1775906427&from_aid=6383&from_ssr=1&share_track_info=%7B%22link_description_type%22%3A%22%22%7D
11,7389960408536337716,“大西洋的最后一滴蓝眼泪” #赛里木湖 #暑假花式玩水大赛 #玩水搭子,20.4,2024-07-10 19:00:48,白昼小熊,657962,3868,14500,36306,9143623,https://p3-pc-sign.douyinpic.com/image-cut-tos-priv/00d33a18ec4999eebbfdbe81bb2ac129~tplv-dy-resize-origshort-autoq-75:330.jpeg?lk3s=138a59ce&x-expires=2091265200&x-signature=4G1BovNTER2Px4yGHbXrMLAzeFk%3D&from=327834062&s=PackSourceEnum_MIX_AWEME&se=false&sc=cover&biz_tag=pcweb_cover&l=20260411192027AAAD1E91E590690844CE,https://v26-web.douyinvod.com/39980efb968f1d2563df9bdffa572114/69da58bf/video/tos/cn/tos-cn-ve-15/oYEDmjQedc6mABg3aylAQFMAEqDBWdKI3gfF9K/?a=6383&ch=54&cr=3&dr=0&lr=all&cd=0%7C0%7C0%7C3&cv=1&br=4093&bt=4093&cs=0&ds=4&ft=AJkeU_TLRR0si0C4kYj2Nc.xBiGNbLPE3O-U_4YPfb2JNv7TGW&mime_type=video_mp4&qs=0&rc=PGc8NDxoaWQ2Z2k0PGY8ZEBpM3dqd3g5cng5dDMzNGkzM0AvM2M2YTAyXjExNS02NjBgYSNkXm9vMmRrZjRgLS1kLTBzcw%3D%3D&btag=80000e00010000&cquery=101B_100B_100x_100z_100o&dy_q=1775906427&feature_id=59cb2766d89ae6284516c6a254e9fb61&l=20260411192027AAAD1E91E590690844CE,https://www.iesdouyin.com/share/video/7389960408536337716/?region=CN&mid=7389960389863197478&u_code=0&did=MS4wLjABAAAANwkJuWIRFOzg5uCpDRpMj4OX-QryoDgn-yYlXQnRwQQ&iid=MS4wLjABAAAANwkJuWIRFOzg5uCpDRpMj4OX-QryoDgn-yYlXQnRwQQ&with_sec_did=1&video_share_track_ver=&titleType=title&share_sign=rrv_0byrBmv5VppQ5kZD0ActH76VLjDTUDn8sQE4djY-&share_version=170400&ts=1775906427&from_aid=6383&from_ssr=1&share_track_info=%7B%22link_description_type%22%3A%22%22%7D
12,7372545332581911808,每次都是下次，不如就这次 #所以我们什么时候去拉萨 #雪域古城圣地拉萨,12.6,2024-05-24 20:41:58,白昼小熊,1711474,15253,78693,172543,36775710,https://p3-pc-sign.douyinpic.com/image-cut-tos-priv/9f56c181f88b6a37f5835c8af5c9a33f~tplv-dy-resize-origshort-autoq-75:330.jpeg?lk3s=138a59ce&x-expires=2091265200&x-signature=%2BBwa2FF6VRDlYJxjubyh1%2B2TFxw%3D&from=327834062&s=PackSourceEnum_MIX_AWEME&se=false&sc=cover&biz_tag=pcweb_cover&l=20260411192027AAAD1E91E590690844CE,https://v26-web.douyinvod.com/0fc72f1ee705c8b73a1256bb7ec80761/69da58b7/video/tos/cn/tos-cn-ve-15/oQlVhI2BDIiIoznkAsFgCf903BfImZAQE1gLAU/?a=6383&ch=54&cr=3&dr=0&lr=all&cd=0%7C0%7C0%7C3&cv=1&br=8339&bt=8339&cs=0&ds=4&ft=AJkeU_TLRR0si0C4kYj2Nc.xBiGNbLPE3O-U_4YPfb2JNv7TGW&mime_type=video_mp4&qs=0&rc=OGk6aDM8ZTpmODQ6Zzg2M0BpM3VlPG05cmc7czMzNGkzM0AyYi0tL18vNWIxNDJiNDFfYSNuYGFkMmQ0ZjVgLS1kLS9zcw%3D%3D&btag=80000e00008000&cquery=100o_101B_100B_100H_100K&dy_q=1775906427&feature_id=59cb2766d89ae6284516c6a254e9fb61&l=20260411192027AAAD1E91E590690844CE,https://www.iesdouyin.com/share/video/7372545332581911808/?region=CN&mid=7372545511678593811&u_code=0&did=MS4wLjABAAAANwkJuWIRFOzg5uCpDRpMj4OX-QryoDgn-yYlXQnRwQQ&iid=MS4wLjABAAAANwkJuWIRFOzg5uCpDRpMj4OX-QryoDgn-yYlXQnRwQQ&with_sec_did=1&video_share_track_ver=&titleType=title&share_sign=DMUWP4NmPLSlsNkzyJVt8P4ejKuO7AkB7ZsfJshPiy4-&share_version=170400&ts=1775906427&from_aid=6383&from_ssr=1&share_track_info=%7B%22link_description_type%22%3A%22%22%7D
13,7422525675447340351,当i人在新加坡随地大小跳 #森林之子 #旅行转场 #浅跳一下,21.4,2024-10-06 13:10:46,白昼小熊,429294,1928,8021,13414,4493000,https://p3-pc-sign.douyinpic.com/image-cut-tos-priv/e21082a25bfdc9a71aa146847e244731~tplv-dy-resize-origshort-autoq-75:330.jpeg?lk3s=138a59ce&x-expires=2091265200&x-signature=O6POB%2F4PWD5GJo6xDPFPxYjzhhk%3D&from=327834062&s=PackSourceEnum_MIX_AWEME&se=false&sc=cover&biz_tag=pcweb_cover&l=20260411192027AAAD1E91E590690844CE,https://v26-web.douyinvod.com/c754bbd1dc838b6e3a1520daad1aad19/69da58c0/video/tos/cn/tos-cn-ve-15/osl6iQHIiVSQPwLQIPAB5ZZWIAECPgsimIcbw/?a=6383&ch=54&cr=3&dr=0&lr=all&cd=0%7C0%7C0%7C3&cv=1&br=8135&bt=8135&cs=0&ds=4&ft=AJkeU_TLRR0si0C4kYj2Nc.xBiGNbLPE3O-U_4YPfb2JNv7TGW&mime_type=video_mp4&qs=0&rc=ODg6OGlkaWY8NGVmNjg7OkBpMzU8cHM5cjk0djMzNGkzM0AzMTRfNTMxNS0xYTNhLjMyYSNqYWNmMmQ0ay5gLS1kLTBzcw%3D%3D&btag=80000e00010000&cquery=101B_100B_100x_100z_100o&dy_q=1775906427&feature_id=59cb2766d89ae6284516c6a254e9fb61&l=20260411192027AAAD1E91E590690844CE,https://www.iesdouyin.com/share/video/7422525675447340351/?region=CN&mid=7422525633588235017&u_code=0&did=MS4wLjABAAAANwkJuWIRFOzg5uCpDRpMj4OX-QryoDgn-yYlXQnRwQQ&iid=MS4wLjABAAAANwkJuWIRFOzg5uCpDRpMj4OX-QryoDgn-yYlXQnRwQQ&with_sec_did=1&video_share_track_ver=&titleType=title&share_sign=fC5cy9VnsSyhFn.DUhGLL.PQZbCE2tDitPneda5LnE8-&share_version=170400&ts=1775906427&from_aid=6383&from_ssr=1&share_track_info=%7B%22link_description_type%22%3A%22%22%7D
14,7405119844514893091,理想的时光在旅行的路上 #奔赴理想的旅行#发现中国之旅,41.9,2024-08-20 15:27:19,白昼小熊,532449,2084,8237,23260,3766666,https://p3-pc-sign.douyinpic.com/image-cut-tos-priv/f41f6bc9ca5f581c994bb193e1c60b7c~tplv-dy-resize-origshort-autoq-75:330.jpeg?lk3s=138a59ce&x-expires=2091265200&x-signature=BxXfBVGgahj%2F6TRHDFD1TMrtWcY%3D&from=327834062&s=PackSourceEnum_MIX_AWEME&se=false&sc=cover&biz_tag=pcweb_cover&l=20260411192027AAAD1E91E590690844CE,https://v26-web.douyinvod.com/469461a43f2775ee50f88ce0d5d663fb/69da58d4/video/tos/cn/tos-cn-ve-15/owIt7BDVIsqTZESZbUEQZAiFRPwPIrc44iQqA/?a=6383&ch=54&cr=3&dr=0&lr=all&cd=0%7C0%7C0%7C3&cv=1&br=4045&bt=4045&cs=0&ds=4&ft=AJkeU_TLRR0si0C4kYj2Nc.xBiGNbLPE3O-U_4YPfb2JNv7TGW&mime_type=video_mp4&qs=0&rc=ZTY0Nzk4aWVmZjc2ZzY4NkBpM29ndHI5cnY3dTMzNGkzM0AyM18vLjI1NjAxXmEyYi80YSNwZmYuMmQ0NS9gLS1kLTBzcw%3D%3D&btag=80000e00018000&cquery=101B_100B_100x_100z_100o&dy_q=1775906427&feature_id=59cb2766d89ae6284516c6a254e9fb61&l=20260411192027AAAD1E91E590690844CE,https://www.iesdouyin.com/share/video/7405119844514893091/?region=CN&mid=7200315762725947447&u_code=0&did=MS4wLjABAAAANwkJuWIRFOzg5uCpDRpMj4OX-QryoDgn-yYlXQnRwQQ&iid=MS4wLjABAAAANwkJuWIRFOzg5uCpDRpMj4OX-QryoDgn-yYlXQnRwQQ&with_sec_did=1&video_share_track_ver=&titleType=title&share_sign=7gVq0YwqjEj6HRFxVZXyhfp2iAsbVT6n4dS7zZPcnAA-&share_version=170400&ts=1775906427&from_aid=6383&from_ssr=1&share_track_info=%7B%22link_description_type%22%3A%22%22%7D
15,7396674417515891983,自由灿烂 生生不息 #抖音足球嘉年华 #火把节,19.0,2024-07-28 21:14:34,白昼小熊,1112240,4404,16215,62284,8606279,https://p3-pc-sign.douyinpic.com/image-cut-tos-priv/90c9ff07c2b29e59208eafe0ee0fe8cb~tplv-dy-resize-origshort-autoq-75:330.jpeg?lk3s=138a59ce&x-expires=2091265200&x-signature=C3z8Xz4LMCeuCo31MWTVHU7V8ew%3D&from=327834062&s=PackSourceEnum_MIX_AWEME&se=false&sc=cover&biz_tag=pcweb_cover&l=20260411192027AAAD1E91E590690844CE,https://v26-web.douyinvod.com/30258c1ba5be42729a021a9d02441d22/69da58bd/video/tos/cn/tos-cn-ve-15/ogi9DEgqIwmQfXArEBnDDDFQApJ7cAfk0wA2Qp/?a=6383&ch=54&cr=3&dr=0&lr=all&cd=0%7C0%7C0%7C3&cv=1&br=6925&bt=6925&cs=0&ds=4&ft=AJkeU_TLRR0si0C4kYj2Nc.xBiGNbLPE3O-U_4YPfb2JNv7TGW&mime_type=video_mp4&qs=0&rc=O2hlZGlpZTQ5NjY1NzxlZ0BpajZvM3Q5cmQ3dDMzNGkzM0AuMi8wMTVeX14xYS4zLzFiYSMxci9gMmRjNWdgLS1kLTBzcw%3D%3D&btag=80000e00010000&cquery=101B_100B_100x_100z_100o&dy_q=1775906427&feature_id=59cb2766d89ae6284516c6a254e9fb61&l=20260411192027AAAD1E91E590690844CE,https://www.iesdouyin.com/share/video/7396674417515891983/?region=CN&mid=7396674089676524342&u_code=0&did=MS4wLjABAAAANwkJuWIRFOzg5uCpDRpMj4OX-QryoDgn-yYlXQnRwQQ&iid=MS4wLjABAAAANwkJuWIRFOzg5uCpDRpMj4OX-QryoDgn-yYlXQnRwQQ&with_sec_did=1&video_share_track_ver=&titleType=title&share_sign=IJPbP9jHedHnb9z8ucEm0.06S8v4uAIvau3yTFR84fg-&share_version=170400&ts=1775906427&from_aid=6383&from_ssr=1&share_track_info=%7B%22link_description_type%22%3A%22%22%7D
16,7397070378738158882,如云澄澈 似月明朗 #抖音足球嘉年华 #火把节,19.8,2024-07-29 22:51:06,白昼小熊,657514,1875,8848,34412,6232587,https://p3-pc-sign.douyinpic.com/image-cut-tos-priv/abecb2efd2a6b557e3ff0d892044ca18~tplv-dy-resize-origshort-autoq-75:330.jpeg?lk3s=138a59ce&x-expires=2091265200&x-signature=edA%2B3BH1%2F64GbYgPtw9L8fxasyg%3D&from=327834062&s=PackSourceEnum_MIX_AWEME&se=false&sc=cover&biz_tag=pcweb_cover&l=20260411192028752F16FBC4CFB806BC7E,https://v26-web.douyinvod.com/3120db5c150f8cf3770e73a45c0cd042/69da58bf/video/tos/cn/tos-cn-ve-15/o0k6mAI1wgDSgcA2QblABQKWuDF99paEenvifU/?a=6383&ch=54&cr=3&dr=0&lr=all&cd=0%7C0%7C0%7C3&cv=1&br=8141&bt=8141&cs=0&ds=4&ft=AJkeU_TLRR0si0C4kYj2Nc.xBiGNbLwE3O-U_4YPfb2JNv7TGW&mime_type=video_mp4&qs=0&rc=Ozs8NzNmM2ZmOjRkZzw8aUBpamdya3Q5cmd0dDMzNGkzM0AyNjZfLmE0NTUxMi4yMmNeYSNfZjZsMmRrbGdgLS1kLTBzcw%3D%3D&btag=80000e00010000&cquery=100x_100z_100o_101B_100B&dy_q=1775906428&feature_id=59cb2766d89ae6284516c6a254e9fb61&l=20260411192028752F16FBC4CFB806BC7E,https://www.iesdouyin.com/share/video/7397070378738158882/?region=CN&mid=6771294857500691211&u_code=0&did=MS4wLjABAAAANwkJuWIRFOzg5uCpDRpMj4OX-QryoDgn-yYlXQnRwQQ&iid=MS4wLjABAAAANwkJuWIRFOzg5uCpDRpMj4OX-QryoDgn-yYlXQnRwQQ&with_sec_did=1&video_share_track_ver=&titleType=title&share_sign=fUKKNtRWsbHTbpwMnQ9nY.f7b1ZU4jXOBN_Qfdy_EIo-&share_version=170400&ts=1775906428&from_aid=6383&from_ssr=1&share_track_info=%7B%22link_description_type%22%3A%22%22%7D
17,7424462864368373028,走在收藏世界的路上 #旅行转场 #新加坡,22.3,2024-10-11 18:28:02,白昼小熊,432236,2151,12249,37739,4553602,https://p3-pc-sign.douyinpic.com/image-cut-tos-priv/5bc22cc9a2412e164625f52e8b4e6edb~tplv-dy-resize-origshort-autoq-75:330.jpeg?lk3s=138a59ce&x-expires=2091265200&x-signature=BStbwjmuBBI5Qd6rYBvfut2weik%3D&from=327834062&s=PackSourceEnum_MIX_AWEME&se=false&sc=cover&biz_tag=pcweb_cover&l=20260411192028752F16FBC4CFB806BC7E,https://v26-web.douyinvod.com/e1096dbd231d87d300a50829beedb74e/69da58c2/video/tos/cn/tos-cn-ve-15/ow9BzFAZQXGf47CN3nNXAeDNhGIAELsTDP2QEg/?a=6383&ch=54&cr=3&dr=0&lr=all&cd=0%7C0%7C0%7C3&cv=1&br=4086&bt=4086&cs=0&ds=4&ft=AJkeU_TLRR0si0C4kYj2Nc.xBiGNbLwE3O-U_4YPfb2JNv7TGW&mime_type=video_mp4&qs=0&rc=OzM4ZWc2ZmQ6ZmVpNDo2NUBpMzs6ZHc5cmtpdjMzNGkzM0AzNjA2Yi9hNjIxYTBgMDQtYSNjYHFnMmRrbTFgLS1kLTBzcw%3D%3D&btag=80000e00010000&cquery=100B_100x_100z_100o_101B&dy_q=1775906428&feature_id=59cb2766d89ae6284516c6a254e9fb61&l=20260411192028752F16FBC4CFB806BC7E,https://www.iesdouyin.com/share/video/7424462864368373028/?region=CN&mid=7424462825000569636&u_code=0&did=MS4wLjABAAAANwkJuWIRFOzg5uCpDRpMj4OX-QryoDgn-yYlXQnRwQQ&iid=MS4wLjABAAAANwkJuWIRFOzg5uCpDRpMj4OX-QryoDgn-yYlXQnRwQQ&with_sec_did=1&video_share_track_ver=&titleType=title&share_sign=gCUrV4m_zm4YD4Fp88bnT04A3._2WxgXpyZdhRRe93k-&share_version=170400&ts=1775906428&from_aid=6383&from_ssr=1&share_track_info=%7B%22link_description_type%22%3A%22%22%7D
18,7434116413008153919,亲爱的藤井树小姐 今天山顶为你飘了一片雪  #降温了羽绒服我先穿上了#cozy松绒系穿搭,21.8,2024-11-06 18:48:45,白昼小熊,520978,2440,11721,36036,4079038,https://p3-pc-sign.douyinpic.com/image-cut-tos-priv/6d01362b9f5434ae2cbaab4308f60dc1~tplv-dy-resize-origshort-autoq-75:330.jpeg?lk3s=138a59ce&x-expires=2091265200&x-signature=GlGGlrnAZDAMvg66rZPv6cl0PFM%3D&from=327834062&s=PackSourceEnum_MIX_AWEME&se=false&sc=cover&biz_tag=pcweb_cover&l=20260411192028752F16FBC4CFB806BC7E,https://v26-web.douyinvod.com/88f5667ab5ef5a24bb0880f053db8a94/69da58c1/video/tos/cn/tos-cn-ve-15/oYcASRBziVv2lcsSAelJABaAMzOIEDQfgzanLi/?a=6383&ch=54&cr=3&dr=0&lr=all&cd=0%7C0%7C0%7C3&cv=1&br=7881&bt=7881&cs=0&ds=4&ft=AJkeU_TLRR0si0C4kYj2Nc.xBiGNbLwE3O-U_4YPfb2JNv7TGW&mime_type=video_mp4&qs=0&rc=ZmU4OGQ4PGUzMzxlOjhmNEBpamlzPG05cnVudjMzNGkzM0AvL2E2YjFjNmAxMzQyYi0wYSMxaW0zMmRjZmlgLS1kLTBzcw%3D%3D&btag=80000e00010000&cquery=100o_101B_100B_100x_100z&dy_q=1775906428&feature_id=59cb2766d89ae6284516c6a254e9fb61&l=20260411192028752F16FBC4CFB806BC7E,https://www.iesdouyin.com/share/video/7434116413008153919/?region=CN&mid=7434116408646109979&u_code=0&did=MS4wLjABAAAANwkJuWIRFOzg5uCpDRpMj4OX-QryoDgn-yYlXQnRwQQ&iid=MS4wLjABAAAANwkJuWIRFOzg5uCpDRpMj4OX-QryoDgn-yYlXQnRwQQ&with_sec_did=1&video_share_track_ver=&titleType=title&share_sign=QYcOcvFHA0fL4Pb.wucs6vQtqqXn0HRAJBzCUOsGF_s-&share_version=170400&ts=1775906428&from_aid=6383&from_ssr=1&share_track_info=%7B%22link_description_type%22%3A%22%22%7D
19,7474174678450359561,想你的风还是吹到了伦敦 #hello时尚季 #一起去兜英伦风 #旅行转场,13.1,2025-02-22 17:35:23,白昼小熊,418649,1452,9977,19352,4730676,https://p3-pc-sign.douyinpic.com/image-cut-tos-priv/77b19ad4c044b1862f1ad29f37ced419~tplv-dy-resize-origshort-autoq-75:330.jpeg?lk3s=138a59ce&x-expires=2091265200&x-signature=VKyqxpgQW5XAFmabWnYVTXHVdgw%3D&from=327834062&s=PackSourceEnum_MIX_AWEME&se=false&sc=cover&biz_tag=pcweb_cover&l=20260411192028752F16FBC4CFB806BC7E,https://v26-web.douyinvod.com/30fbc73d0b4d7d7f541d090bb088e1ee/69da58b9/video/tos/cn/tos-cn-ve-15/o4I9BPQPImBEX2rVQwMihiJRqVBZq7AKAvXGN/?a=6383&ch=54&cr=3&dr=0&lr=all&cd=0%7C0%7C0%7C3&cv=1&br=4203&bt=4203&cs=0&ds=4&ft=AJkeU_TLRR0si0C4kYj2Nc.xBiGNbLwE3O-U_4YPfb2JNv7TGW&mime_type=video_mp4&qs=0&rc=M2VpN2dkZTdpZmhnZzw5O0BpamRkbXA5cmVzeDMzNGkzM0A2NDNgLzU2X2MxLjFhX2IyYSNyMC5eMmQ0Y3BgLS1kLTBzcw%3D%3D&btag=80000e00008000&cquery=100z_100o_101B_100B_100x&dy_q=1775906428&feature_id=136e8d81b95d650c236697554379e663&l=20260411192028752F16FBC4CFB806BC7E,https://www.iesdouyin.com/share/video/7474174678450359561/?region=CN&mid=7474174617297619731&u_code=0&did=MS4wLjABAAAANwkJuWIRFOzg5uCpDRpMj4OX-QryoDgn-yYlXQnRwQQ&iid=MS4wLjABAAAANwkJuWIRFOzg5uCpDRpMj4OX-QryoDgn-yYlXQnRwQQ&with_sec_did=1&video_share_track_ver=&titleType=title&share_sign=7dJwitLbhNGWZaVBygCrBb1MGCrPc1HDH_H1lzo2PaE-&share_version=170400&ts=1775906428&from_aid=6383&from_ssr=1&share_track_info=%7B%22link_description_type%22%3A%22%22%7D
20,7387425419840064803,我跟你讲 我今天  #夏日度假穿出清凉感,10.3,2024-07-03 23:03:45,白昼小熊,1120306,4449,28269,55951,8487333,https://p3-pc-sign.douyinpic.com/image-cut-tos-priv/62d2a85fbfee4ce0db7cad0372092d6a~tplv-dy-resize-origshort-autoq-75:330.jpeg?lk3s=138a59ce&x-expires=2091265200&x-signature=CmPU%2Bc%2Fw40jig07FYCtIPIaypCA%3D&from=327834062&s=PackSourceEnum_MIX_AWEME&se=false&sc=cover&biz_tag=pcweb_cover&l=20260411192028752F16FBC4CFB806BC7E,https://v26-web.douyinvod.com/9d31bd8458e46b04ffba2782cd31ee88/69da58b6/video/tos/cn/tos-cn-ve-15/oAEiIyM2nD5ZeeMwCKAXaFLFQ8gFa1QEfge40A/?a=6383&ch=54&cr=3&dr=0&lr=all&cd=0%7C0%7C0%7C3&cv=1&br=4240&bt=4240&cs=0&ds=4&ft=AJkeU_TLRR0si0C4kYj2Nc.xBiGNbLwE3O-U_4YPfb2JNv7TGW&mime_type=video_mp4&qs=0&rc=ODhpOzU5OTo1NWQ4PDxmPEBpamdldXk5cnBwdDMzNGkzM0AuYzJjMV82XzAxLTM2Ly5eYSNgZHAwMmRrYy9gLS1kLTBzcw%3D%3D&btag=80000e00008000&cquery=100z_100o_101B_100B_100x&dy_q=1775906428&feature_id=59cb2766d89ae6284516c6a254e9fb61&l=20260411192028752F16FBC4CFB806BC7E,https://www.iesdouyin.com/share/video/7387425419840064803/?region=CN&mid=7340663191334062911&u_code=0&did=MS4wLjABAAAANwkJuWIRFOzg5uCpDRpMj4OX-QryoDgn-yYlXQnRwQQ&iid=MS4wLjABAAAANwkJuWIRFOzg5uCpDRpMj4OX-QryoDgn-yYlXQnRwQQ&with_sec_did=1&video_share_track_ver=&titleType=title&share_sign=uV6Vc.2lHVYEPm6vqTm6ZbhIAJhC4Em3os_hHr_xUsk-&share_version=170400&ts=1775906428&from_aid=6383&from_ssr=1&share_track_info=%7B%22link_description_type%22%3A%22%22%7D
21,7397435410802036002,月亮的女儿 #抖音足球嘉年华 #彝族姑娘,13.4,2024-07-30 22:27:40,白昼小熊,483098,1377,5916,18518,3375022,https://p3-pc-sign.douyinpic.com/image-cut-tos-priv/54d30c8110955a76c79886822c2ca5b7~tplv-dy-resize-origshort-autoq-75:330.jpeg?lk3s=138a59ce&x-expires=2091265200&x-signature=iBr9qIPvN6vG%2Fn1holJ2wb6YnXM%3D&from=327834062&s=PackSourceEnum_MIX_AWEME&se=false&sc=cover&biz_tag=pcweb_cover&l=20260411192028752F16FBC4CFB806BC7E,https://v26-web.douyinvod.com/092244ea99df5dbe13c8c00cf6e04d1f/69da58b9/video/tos/cn/tos-cn-ve-15/oAf4RIwteaWIQAEheOEFyDcDE8OqoI2RemMAgC/?a=6383&ch=54&cr=3&dr=0&lr=all&cd=0%7C0%7C0%7C3&cv=1&br=4352&bt=4352&cs=0&ds=4&ft=AJkeU_TLRR0si0C4kYj2Nc.xBiGNbLwE3O-U_4YPfb2JNv7TGW&mime_type=video_mp4&qs=0&rc=Nzo5NTs1Zjg7aDw6PGVmNEBpajd2bG05cmhpdDMzNGkzM0A1MF9iLS42NWIxYS00X2FiYSNeMWxgMmQ0Y2hgLS1kLTBzcw%3D%3D&btag=80000e00008000&cquery=100o_101B_100B_100x_100z&dy_q=1775906428&feature_id=46a7bb47b4fd1280f3d3825bf2b29388&l=20260411192028752F16FBC4CFB806BC7E,https://www.iesdouyin.com/share/video/7397435410802036002/?region=CN&mid=7190907721745517367&u_code=0&did=MS4wLjABAAAANwkJuWIRFOzg5uCpDRpMj4OX-QryoDgn-yYlXQnRwQQ&iid=MS4wLjABAAAANwkJuWIRFOzg5uCpDRpMj4OX-QryoDgn-yYlXQnRwQQ&with_sec_did=1&video_share_track_ver=&titleType=title&share_sign=v5VIV6lkgVCGfWDl.OaNuU_eI1BCvcMUVK.p4CAi1vU-&share_version=170400&ts=1775906428&from_aid=6383&from_ssr=1&share_track_info=%7B%22link_description_type%22%3A%22%22%7D
22,7394811071153982760,紫色的夏天 💜 #不费力拿捏尤莱特穿搭,14.7,2024-07-23 20:43:50,白昼小熊,838087,4016,20168,50442,8870646,https://p3-pc-sign.douyinpic.com/image-cut-tos-priv/645c9337dbf94f3f39971454c6cb2687~tplv-dy-resize-origshort-autoq-75:330.jpeg?lk3s=138a59ce&x-expires=2091265200&x-signature=cSyzY%2FTLFbZwPNU9lgv90fxJaLI%3D&from=327834062&s=PackSourceEnum_MIX_AWEME&se=false&sc=cover&biz_tag=pcweb_cover&l=20260411192028752F16FBC4CFB806BC7E,https://v26-web.douyinvod.com/ebc841de673508fbba4063f565d8a88b/69da58ba/video/tos/cn/tos-cn-ve-15/oc6096cZmQDOAwA9gBnFVeUEILDgzGAOagfrMA/?a=6383&ch=54&cr=3&dr=0&lr=all&cd=0%7C0%7C0%7C3&cv=1&br=4127&bt=4127&cs=0&ds=4&ft=AJkeU_TLRR0si0C4kYj2Nc.xBiGNbLwE3O-U_4YPfb2JNv7TGW&mime_type=video_mp4&qs=0&rc=OjQ4NWllZmc3OjY1aWdpaEBpM3dwcng5cjl0dDMzNGkzM0A2Yy8uXl40NjUxNDAwMzIxYSM0Yi1wMmRrXmNgLS1kLTBzcw%3D%3D&btag=80000e00010000&cquery=101B_100B_100x_100z_100o&dy_q=1775906428&feature_id=59cb2766d89ae6284516c6a254e9fb61&l=20260411192028752F16FBC4CFB806BC7E,https://www.iesdouyin.com/share/video/7394811071153982760/?region=CN&mid=7388385760996592396&u_code=0&did=MS4wLjABAAAANwkJuWIRFOzg5uCpDRpMj4OX-QryoDgn-yYlXQnRwQQ&iid=MS4wLjABAAAANwkJuWIRFOzg5uCpDRpMj4OX-QryoDgn-yYlXQnRwQQ&with_sec_did=1&video_share_track_ver=&titleType=title&share_sign=UREbiTXn03.yPMaD2FvjPu3L8_EaIrfxIxqgP3gFamc-&share_version=170400&ts=1775906428&from_aid=6383&from_ssr=1&share_track_info=%7B%22link_description_type%22%3A%22%22%7D
23,7395929472064589090,世界一片漆黑 直到我们睁开眼睛 #尤莱特女孩一秒到巴黎,9.3,2024-07-26 21:03:48,白昼小熊,424404,1473,7091,14801,3370784,https://p3-pc-sign.douyinpic.com/image-cut-tos-priv/b7308b0b07a6162c39c72ab26f59d858~tplv-dy-resize-origshort-autoq-75:330.jpeg?lk3s=138a59ce&x-expires=2091265200&x-signature=PG%2FaZmowiUqRPL2qWlI4fVG6vZI%3D&from=327834062&s=PackSourceEnum_MIX_AWEME&se=false&sc=cover&biz_tag=pcweb_cover&l=20260411192028752F16FBC4CFB806BC7E,https://v26-web.douyinvod.com/28c458e30a91d68be0b0b14fb0c5562b/69da58b5/video/tos/cn/tos-cn-ve-15/oguRGQRIGe0zzCwjAIeyABgfCLd2SNBBhSy7Ln/?a=6383&ch=54&cr=3&dr=0&lr=all&cd=0%7C0%7C0%7C3&cv=1&br=8333&bt=8333&cs=0&ds=4&ft=AJkeU_TLRR0si0C4kYj2Nc.xBiGNbLwE3O-U_4YPfb2JNv7TGW&mime_type=video_mp4&qs=0&rc=OjdkNzVlZ2c7O2ZpOWY5OkBpamt2cW45cnRzdDMzNGkzM0AuYF5eMGIxXy0xLTYvX2IwYSNwL2FnMmQ0cGVgLS1kLTBzcw%3D%3D&btag=80000e00008000&cquery=100o_101B_100B_100x_100z&dy_q=1775906428&feature_id=59cb2766d89ae6284516c6a254e9fb61&l=20260411192028752F16FBC4CFB806BC7E,https://www.iesdouyin.com/share/video/7395929472064589090/?region=CN&mid=7392583235592522515&u_code=0&did=MS4wLjABAAAANwkJuWIRFOzg5uCpDRpMj4OX-QryoDgn-yYlXQnRwQQ&iid=MS4wLjABAAAANwkJuWIRFOzg5uCpDRpMj4OX-QryoDgn-yYlXQnRwQQ&with_sec_did=1&video_share_track_ver=&titleType=title&share_sign=15ZozCTp_jAgrzUq6FGMhHHZA4rgavAU1wCFOzt.8MA-&share_version=170400&ts=1775906428&from_aid=6383&from_ssr=1&share_track_info=%7B%22link_description_type%22%3A%22%22%7D
24,7389252863739972879,被好风景收买 今天只负责开心  #旅行转场 #夏天该有的样子 #shakeit,18.2,2024-07-08 21:15:11,白昼小熊,723250,4968,31303,51992,9969263,https://p3-pc-sign.douyinpic.com/image-cut-tos-priv/03995749405b1263c2128e7df7927e9c~tplv-dy-resize-origshort-autoq-75:330.jpeg?lk3s=138a59ce&x-expires=2091265200&x-signature=ZCyG8v%2FZmkpUlyCrPmB%2BQMJpQx4%3D&from=327834062&s=PackSourceEnum_MIX_AWEME&se=false&sc=cover&biz_tag=pcweb_cover&l=20260411192028752F16FBC4CFB806BC7E,https://v26-web.douyinvod.com/f3f4fb569e218a41af4800914a1dd1b1/69da58be/video/tos/cn/tos-cn-ve-15/oQFAhCE8LADJ7LAfxpJEFl0Bf9GQSNEBglIetX/?a=6383&ch=54&cr=3&dr=0&lr=all&cd=0%7C0%7C0%7C3&cv=1&br=4115&bt=4115&cs=0&ds=4&ft=AJkeU_TLRR0si0C4kYj2Nc.xBiGNbLwE3O-U_4YPfb2JNv7TGW&mime_type=video_mp4&qs=0&rc=ZjQ3PDo7ZDNmNmhoNWQ4aUBpanlkZ3g5cml4dDMzNGkzM0AxYWE0Xy0wXjUxMjBeMmAtYSNkMWpuMmRrYDJgLS1kLTBzcw%3D%3D&btag=80000e00010000&cquery=101B_100B_100x_100z_100o&dy_q=1775906428&feature_id=59cb2766d89ae6284516c6a254e9fb61&l=20260411192028752F16FBC4CFB806BC7E,https://www.iesdouyin.com/share/video/7389252863739972879/?region=CN&mid=7389252647515196223&u_code=0&did=MS4wLjABAAAANwkJuWIRFOzg5uCpDRpMj4OX-QryoDgn-yYlXQnRwQQ&iid=MS4wLjABAAAANwkJuWIRFOzg5uCpDRpMj4OX-QryoDgn-yYlXQnRwQQ&with_sec_did=1&video_share_track_ver=&titleType=title&share_sign=B3iMl94ej_AmUnU68Vumao.1ch.4WJWKHBe4gtpW3f0-&share_version=170400&ts=1775906428&from_aid=6383&from_ssr=1&share_track_info=%7B%22link_description_type%22%3A%22%22%7D
25,7383700687684750607,把向往的地方 都变成走过的路 #旅行,28.0,2024-06-23 22:09:56,白昼小熊,405410,1596,7657,17711,4504160,https://p3-pc-sign.douyinpic.com/image-cut-tos-priv/ee6cc0143a5c08af58027caa874aa3d8~tplv-dy-resize-origshort-autoq-75:330.jpeg?lk3s=138a59ce&x-expires=2091265200&x-signature=KZ21J3VlhihAwGpSPYCO4XCery4%3D&from=327834062&s=PackSourceEnum_MIX_AWEME&se=false&sc=cover&biz_tag=pcweb_cover&l=20260411192028752F16FBC4CFB806BC7E,https://v26-web.douyinvod.com/4d3e41ee04c45c94b3fc4fe043fcf017/69da58c8/video/tos/cn/tos-cn-ve-15c001-alinc2/osCK6FC7GDMse9ByEAbyALX0Qf8PIhBEfKI2Cg/?a=6383&ch=54&cr=3&dr=0&lr=all&cd=0%7C0%7C0%7C3&cv=1&br=4071&bt=4071&cs=0&ds=4&ft=AJkeU_TLRR0si0C4kYj2Nc.xBiGNbLwE3O-U_4YPfb2JNv7TGW&mime_type=video_mp4&qs=0&rc=NDdoOzk4NmllaWU5NjpkN0Bpanh1OXc5cjY1czMzNGkzM0BgMjI0M2EyNTAxYmIzLjE2YSMvaF8vMmRzbXBgLS1kLTBzcw%3D%3D&btag=80000e00010000&cquery=100z_100o_101B_100B_100x&dy_q=1775906428&feature_id=59cb2766d89ae6284516c6a254e9fb61&l=20260411192028752F16FBC4CFB806BC7E,https://www.iesdouyin.com/share/video/7383700687684750607/?region=CN&mid=7383700613854071603&u_code=0&did=MS4wLjABAAAANwkJuWIRFOzg5uCpDRpMj4OX-QryoDgn-yYlXQnRwQQ&iid=MS4wLjABAAAANwkJuWIRFOzg5uCpDRpMj4OX-QryoDgn-yYlXQnRwQQ&with_sec_did=1&video_share_track_ver=&titleType=title&share_sign=t501lQSRCCPEhU4_6hZblQcEysOE97PSEDcLhZJYKzM-&share_version=170400&ts=1775906428&from_aid=6383&from_ssr=1&share_track_info=%7B%22link_description_type%22%3A%22%22%7D
26,7374065577599503656,我出不了这神山 你带一只格桑花走吧 #雪域古城圣地拉萨#有机会一定要去趟西藏纳木措,22.5,2024-05-28 23:00:44,白昼小熊,1109184,7322,37062,117611,11925227,https://p3-pc-sign.douyinpic.com/image-cut-tos-priv/397a61f5ae0115227dfd86ab184fc3f5~tplv-dy-resize-origshort-autoq-75:330.jpeg?lk3s=138a59ce&x-expires=2091265200&x-signature=Ei9LU58oOOBk0etv1VcP%2BLSJQF0%3D&from=327834062&s=PackSourceEnum_MIX_AWEME&se=false&sc=cover&biz_tag=pcweb_cover&l=20260411192028752F16FBC4CFB806BC7E,https://v26-web.douyinvod.com/43b1d6c486a47b9243bd02dc8b52d5a7/69da58c2/video/tos/cn/tos-cn-ve-15/o8vgfCeIJAVTZzuMvIEe2hAdUoQIL1DfGA979W/?a=6383&ch=54&cr=3&dr=0&lr=all&cd=0%7C0%7C0%7C3&cv=1&br=3825&bt=3825&cs=0&ds=4&ft=AJkeU_TLRR0si0C4kYj2Nc.xBiGNbLwE3O-U_4YPfb2JNv7TGW&mime_type=video_mp4&qs=0&rc=aDVmMzk1OWY4OWY0OjxlN0BpanlveGo5cnB4czMzNGkzM0BgYWMzNi42NmMxMTAuYjMvYSNvZGUyMmRjc15gLS1kLTBzcw%3D%3D&btag=80000e00010000&cquery=100B_100x_100z_100o_101B&dy_q=1775906428&feature_id=59cb2766d89ae6284516c6a254e9fb61&l=20260411192028752F16FBC4CFB806BC7E,https://www.iesdouyin.com/share/video/7374065577599503656/?region=CN&mid=7257801018077989690&u_code=0&did=MS4wLjABAAAANwkJuWIRFOzg5uCpDRpMj4OX-QryoDgn-yYlXQnRwQQ&iid=MS4wLjABAAAANwkJuWIRFOzg5uCpDRpMj4OX-QryoDgn-yYlXQnRwQQ&with_sec_did=1&video_share_track_ver=&titleType=title&share_sign=KsZg_WmCRzlI9aiXhMkWxVRyIItX60aAcbT.Wystyk4-&share_version=170400&ts=1775906428&from_aid=6383&from_ssr=1&share_track_info=%7B%22link_description_type%22%3A%22%22%7D
27,7372943837574073635,扎西德勒 #所以我们什么时候去拉萨 #雪域古城圣地拉萨,15.8,2024-05-25 22:27:51,白昼小熊,426395,2412,9917,33733,4669978,https://p3-pc-sign.douyinpic.com/image-cut-tos-priv/36ed5ee81612c227faf5c781ad7f72f1~tplv-dy-resize-origshort-autoq-75:330.jpeg?lk3s=138a59ce&x-expires=2091265200&x-signature=M31Rjr2qRSl5GYc3C2foPGNls8Y%3D&from=327834062&s=PackSourceEnum_MIX_AWEME&se=false&sc=cover&biz_tag=pcweb_cover&l=20260411192028752F16FBC4CFB806BC7E,https://v26-web.douyinvod.com/6ed3c74652860a501022d84183bcca36/69da58bb/video/tos/cn/tos-cn-ve-15c001-alinc2/oYQe5P2DQCA8qICqgZIAfIeKMEXr1gRMetKDTS/?a=6383&ch=54&cr=3&dr=0&lr=all&cd=0%7C0%7C0%7C3&cv=1&br=3912&bt=3912&cs=0&ds=4&ft=AJkeU_TLRR0si0C4kYj2Nc.xBiGNbLwE3O-U_4YPfb2JNv7TGW&mime_type=video_mp4&qs=0&rc=Ozk3PGc6Omc5ZjVlNTNkNEBpM3RsdXQ5cnJ5czMzNGkzM0A2YDIuNDJjXl4xX2MyNDQxYSNmXnNfMmRjXjVgLS1kLTBzcw%3D%3D&btag=80000e00010000&cquery=100o_101B_100B_100x_100z&dy_q=1775906428&feature_id=59cb2766d89ae6284516c6a254e9fb61&l=20260411192028752F16FBC4CFB806BC7E,https://www.iesdouyin.com/share/video/7372943837574073635/?region=CN&mid=6592096850470570759&u_code=0&did=MS4wLjABAAAANwkJuWIRFOzg5uCpDRpMj4OX-QryoDgn-yYlXQnRwQQ&iid=MS4wLjABAAAANwkJuWIRFOzg5uCpDRpMj4OX-QryoDgn-yYlXQnRwQQ&with_sec_did=1&video_share_track_ver=&titleType=title&share_sign=BvF15SKIgmeGJapg9wdK92rhev.dyVcqhX4dbnG8ZGg-&share_version=170400&ts=1775906428&from_aid=6383&from_ssr=1&share_track_info=%7B%22link_description_type%22%3A%22%22%7D
28,7369237705126972724,如果阴雨绵绵 那我做你的晴天 #一起看海,0,2024-05-15 22:46:11,白昼小熊,1633467,16943,61008,171383,13998125,https://p3-pc-sign.douyinpic.com/tos-cn-i-0813c001/oQqRnbBhADyDQUlEkAmgeCsJIx9MAAA0CAOA6e~noop.jpeg?lk3s=138a59ce&x-expires=1777114800&x-signature=kftoJwVOV5Ije1A69vnQm7QrLEU%3D&from=327834062&s=PackSourceEnum_MIX_AWEME&se=false&biz_tag=pcweb_cover&l=20260411192028752F16FBC4CFB806BC7E,https://sf6-cdn-tos.douyinstatic.com/obj/ies-music/7366005161694677779.mp3,https://www.iesdouyin.com/share/video/7369237705126972724/?region=CN&mid=7366005147899628342&u_code=0&did=MS4wLjABAAAANwkJuWIRFOzg5uCpDRpMj4OX-QryoDgn-yYlXQnRwQQ&iid=MS4wLjABAAAANwkJuWIRFOzg5uCpDRpMj4OX-QryoDgn-yYlXQnRwQQ&with_sec_did=1&video_share_track_ver=&titleType=title&schema_type=37&share_sign=jttkcDXthvIRBCyf.6HYGQhtWIvaUDZclbW1dEAfxp8-&share_version=170400&ts=1775906428&from_aid=6383&from_ssr=1&share_track_info=%7B%22link_description_type%22%3A%22%22%7D
29,7358478739463884072,艾特你断过火花的朋友一起拍 #打工人的风感波粒穿搭 #抖in新风潮,8.5,2024-04-16 22:55:49,白昼小熊,793034,8229,38100,130978,14736410,https://p3-pc-sign.douyinpic.com/image-cut-tos-priv/bcab55276e6efc9759870b9687336148~tplv-dy-resize-origshort-autoq-75:330.jpeg?lk3s=138a59ce&x-expires=2091265200&x-signature=GiW1oKYCrlYw%2Fw%2BI1SsvFdS4VtU%3D&from=327834062&s=PackSourceEnum_MIX_AWEME&se=false&sc=cover&biz_tag=pcweb_cover&l=20260411192028752F16FBC4CFB806BC7E,https://v26-web.douyinvod.com/1ecd959c5b2ce0d9a48df41ec0b7fb4b/69da58b4/video/tos/cn/tos-cn-ve-15/oktL7SSjMQGIBsBWeCPewxKDIjngEaAsfAbX63/?a=6383&ch=54&cr=3&dr=0&lr=all&cd=0%7C0%7C0%7C3&cv=1&br=4182&bt=4182&cs=0&ds=4&ft=AJkeU_TLRR0si0C4kYj2Nc.xBiGNbLwE3O-U_4YPfb2JNv7TGW&mime_type=video_mp4&qs=0&rc=M2g4PGc7Omc7PDo6M2Y5OEBpanA6OWU6ZnE8cjMzNGkzM0BeXjNgXi0vNWMxYGAxMTZfYSNoYHIucjRvL2NgLS1kLTBzcw%3D%3D&btag=80000e00008000&cquery=100o_101B_100B_100x_100z&dy_q=1775906428&feature_id=59cb2766d89ae6284516c6a254e9fb61&l=20260411192028752F16FBC4CFB806BC7E,https://www.iesdouyin.com/share/video/7358478739463884072/?region=CN&mid=7358478765309053705&u_code=0&did=MS4wLjABAAAANwkJuWIRFOzg5uCpDRpMj4OX-QryoDgn-yYlXQnRwQQ&iid=MS4wLjABAAAANwkJuWIRFOzg5uCpDRpMj4OX-QryoDgn-yYlXQnRwQQ&with_sec_did=1&video_share_track_ver=&titleType=title&share_sign=IDK1VF8jBBuhO_1LbGJ9DEc_IGFaulH9.4NCQ26fq9Q-&share_version=170400&ts=1775906428&from_aid=6383&from_ssr=1&share_track_info=%7B%22link_description_type%22%3A%22%22%7D
30,7357277587342724387,live在于让life be alive #风感波粒 #抖in新风潮 #风感波粒就是风系轻盈,39.6,2024-04-13 17:14:51,白昼小熊,604062,2305,17787,33436,5003702,https://p3-pc-sign.douyinpic.com/image-cut-tos-priv/60ba6d58db0b9b44a2dbdd91491d5ea2~tplv-dy-resize-origshort-autoq-75:330.jpeg?lk3s=138a59ce&x-expires=2091265200&x-signature=j3cxdEdWwrNb7bovYhwlASW9HME%3D&from=327834062&s=PackSourceEnum_MIX_AWEME&se=false&sc=cover&biz_tag=pcweb_cover&l=20260411192028752F16FBC4CFB806BC7E,https://v26-web.douyinvod.com/200a24bcae77fe269ddaaca0715b502a/69da58d3/video/tos/cn/tos-cn-ve-15c001-alinc2/oEb9flmAAhBDRegNE7nrDmIqGQHy4Z9ik8MAog/?a=6383&ch=54&cr=3&dr=0&lr=all&cd=0%7C0%7C0%7C3&cv=1&br=7374&bt=7374&cs=0&ds=4&ft=AJkeU_TLRR0si0C4kYj2Nc.xBiGNbLwE3O-U_4YPfb2JNv7TGW&mime_type=video_mp4&qs=0&rc=ZzM4MzxmZ2Y7ZThnO2loZ0BpM293cDQ6Zjw3cjMzNGkzM0AyNi5jXzUwNWAxMzM2NmAuYSNnci4ucjRnbWFgLS1kLTBzcw%3D%3D&btag=80000e00018000&cquery=100o_101B_100B_100x_100z&dy_q=1775906428&feature_id=59cb2766d89ae6284516c6a254e9fb61&l=20260411192028752F16FBC4CFB806BC7E,https://www.iesdouyin.com/share/video/7357277587342724387/?region=CN&mid=6864229180343584770&u_code=0&did=MS4wLjABAAAANwkJuWIRFOzg5uCpDRpMj4OX-QryoDgn-yYlXQnRwQQ&iid=MS4wLjABAAAANwkJuWIRFOzg5uCpDRpMj4OX-QryoDgn-yYlXQnRwQQ&with_sec_did=1&video_share_track_ver=&titleType=title&share_sign=DqXk01SwR.tv8US9prqlk4HmaLuiXCuAfz8c7.8e0i0-&share_version=170400&ts=1775906428&from_aid=6383&from_ssr=1&share_track_info=%7B%22link_description_type%22%3A%22%22%7D
31,7355515072812174632,最好的朋友已经在身边啦  #穿风感波粒直面阳光,6.5,2024-04-08 23:15:28,白昼小熊,449537,2264,9500,23200,6571836,https://p3-pc-sign.douyinpic.com/image-cut-tos-priv/b94c2a3ff017d0e46af135e30a8d954e~tplv-dy-resize-origshort-autoq-75:330.jpeg?lk3s=138a59ce&x-expires=2091265200&x-signature=98Xeg8h9eJyzpX1JuOGGzesVoWQ%3D&from=327834062&s=PackSourceEnum_MIX_AWEME&se=false&sc=cover&biz_tag=pcweb_cover&l=2026041119202991C1DECC5D2A8A096FF1,https://v26-web.douyinvod.com/1118bcf768e065891e27d96bbf277af8/69da58b3/video/tos/cn/tos-cn-ve-15c001-alinc2/o4cezUlDAqI7FC2mAQQE92UepbwKRQADAnNBgG/?a=6383&ch=54&cr=3&dr=0&lr=all&cd=0%7C0%7C0%7C3&cv=1&br=3553&bt=3553&cs=0&ds=4&ft=AJkeU_TLRR0si0C4kYj2Nc.xBiGNbLYE3O-U_4YPfb2JNv7TGW&mime_type=video_mp4&qs=0&rc=OzppaWk4aWdlZzpnPDg2N0BpanVyNWg6ZnQzcjMzNGkzM0AuMzRiNmBjXzQxXjJjMGAwYSMzYWcxcjRnZl5gLS1kLTBzcw%3D%3D&btag=80000e00008000&cquery=100z_100o_101B_100B_100x&dy_q=1775906429&feature_id=59cb2766d89ae6284516c6a254e9fb61&l=2026041119202991C1DECC5D2A8A096FF1,https://www.iesdouyin.com/share/video/7355515072812174632/?region=CN&mid=7344350801799596854&u_code=0&did=MS4wLjABAAAANwkJuWIRFOzg5uCpDRpMj4OX-QryoDgn-yYlXQnRwQQ&iid=MS4wLjABAAAANwkJuWIRFOzg5uCpDRpMj4OX-QryoDgn-yYlXQnRwQQ&with_sec_did=1&video_share_track_ver=&titleType=title&share_sign=7pV038DsDzXH6sydFL0.rzaLpjCPlkSCx9FNB2wcXu4-&share_version=170400&ts=1775906429&from_aid=6383&from_ssr=1&share_track_info=%7B%22link_description_type%22%3A%22%22%7D
32,7334729996042374435,🏖️过夏天了耶 (˶ᐢᗜᐢ˶)           #新年甜妹看我的,11.7,2024-02-12 22:58:53,白昼小熊,1030643,4005,32562,49759,9784601,https://p3-pc-sign.douyinpic.com/image-cut-tos-priv/c4aa976d34d3791ebaecf5435f1e99d2~tplv-dy-resize-origshort-autoq-75:330.jpeg?lk3s=138a59ce&x-expires=2091265200&x-signature=1yprxdP2OpDiDNAG3klRDG7SjUE%3D&from=327834062&s=PackSourceEnum_MIX_AWEME&se=false&sc=cover&biz_tag=pcweb_cover&l=2026041119202991C1DECC5D2A8A096FF1,https://v26-web.douyinvod.com/1f56cfc0dbc0b58f34c8439ea2bbaf6b/69da58b8/video/tos/cn/tos-cn-ve-15c001-alinc2/okQAtD6ngiLBWIceb5l9AgAMQrFcfyInjaUYqD/?a=6383&ch=54&cr=3&dr=0&lr=all&cd=0%7C0%7C0%7C3&cv=1&br=4181&bt=4181&cs=0&ds=4&ft=AJkeU_TLRR0si0C4kYj2Nc.xBiGNbLYE3O-U_4YPfb2JNv7TGW&mime_type=video_mp4&qs=0&rc=NTgzNzo6ZzQ0Z2YzZWc6OEBpamtmdTk6Zjk2cTMzNGkzM0AtM2EtLTFjXjUxYWEvMzAtYSNicGVecjRnMTJgLS1kLTBzcw%3D%3D&btag=80000e00008000&cquery=101B_100B_100x_100z_100o&dy_q=1775906429&feature_id=59cb2766d89ae6284516c6a254e9fb61&l=2026041119202991C1DECC5D2A8A096FF1,https://www.iesdouyin.com/share/video/7334729996042374435/?region=CN&mid=7323411893031357238&u_code=0&did=MS4wLjABAAAANwkJuWIRFOzg5uCpDRpMj4OX-QryoDgn-yYlXQnRwQQ&iid=MS4wLjABAAAANwkJuWIRFOzg5uCpDRpMj4OX-QryoDgn-yYlXQnRwQQ&with_sec_did=1&video_share_track_ver=&titleType=title&share_sign=j3kfwaarKGebjGnYb_Gg0tihIlbK6LPbyLLeb8QNHPQ-&share_version=170400&ts=1775906429&from_aid=6383&from_ssr=1&share_track_info=%7B%22link_description_type%22%3A%22%22%7D
33,7335108868093021440,我永远属于夏天  #浅跳一下,10.7,2024-02-13 23:29:19,白昼小熊,523728,2120,14326,14556,7729690,https://p3-pc-sign.douyinpic.com/image-cut-tos-priv/57581f71c55a9c8b11532ac8306cbfe5~tplv-dy-resize-origshort-autoq-75:330.jpeg?lk3s=138a59ce&x-expires=2091265200&x-signature=k3BWj5vqcDsVWYq30a9zD%2BH4LYw%3D&from=327834062&s=PackSourceEnum_MIX_AWEME&se=false&sc=cover&biz_tag=pcweb_cover&l=2026041119202991C1DECC5D2A8A096FF1,https://v26-web.douyinvod.com/8f4a7dc34ffc70bfcd4e67382874969f/69da58b7/video/tos/cn/tos-cn-ve-15/okfDxkETg3tADzyBpMSnbAo9qPA8Ae4gVV4lRh/?a=6383&ch=54&cr=3&dr=0&lr=all&cd=0%7C0%7C0%7C3&cv=1&br=4221&bt=4221&cs=0&ds=4&ft=AJkeU_TLRR0si0C4kYj2Nc.xBiGNbLYE3O-U_4YPfb2JNv7TGW&mime_type=video_mp4&qs=0&rc=aGg2ZzVlNjk2OmZlZWk1ZEBpM2RreGU6ZjZycTMzNGkzM0BiXy8vMTU1Xl8xLV41YTEyYSNhLzBicjRvaTJgLS1kLTBzcw%3D%3D&btag=80000e00008000&cquery=100x_100z_100o_101B_100B&dy_q=1775906429&feature_id=59cb2766d89ae6284516c6a254e9fb61&l=2026041119202991C1DECC5D2A8A096FF1,https://www.iesdouyin.com/share/video/7335108868093021440/?region=CN&mid=7272610962153360189&u_code=0&did=MS4wLjABAAAANwkJuWIRFOzg5uCpDRpMj4OX-QryoDgn-yYlXQnRwQQ&iid=MS4wLjABAAAANwkJuWIRFOzg5uCpDRpMj4OX-QryoDgn-yYlXQnRwQQ&with_sec_did=1&video_share_track_ver=&titleType=title&share_sign=UeoqTpksidvayAvYNruxwECdzoQNZdFC0TZ0MzhEWjg-&share_version=170400&ts=1775906429&from_aid=6383&from_ssr=1&share_track_info=%7B%22link_description_type%22%3A%22%22%7D
34,7336915386367020303,或许自由更胜一筹 #雨林徒步,50.8,2024-02-18 20:19:03,白昼小熊,1408097,9800,38921,84478,13463772,https://p9-pc-sign.douyinpic.com/image-cut-tos-priv/d5493571fdecfff0c297ad9c2bf068cd~tplv-dy-resize-origshort-autoq-75:330.jpeg?lk3s=138a59ce&x-expires=2091265200&x-signature=9U5I%2BSUMAmU5JKkfL%2FY0AuaAJc4%3D&from=327834062&s=PackSourceEnum_MIX_AWEME&se=false&sc=cover&biz_tag=pcweb_cover&l=2026041119202991C1DECC5D2A8A096FF1,https://v26-web.douyinvod.com/c99b3a676948b3373c17fceb6b4cc845/69da58df/video/tos/cn/tos-cn-ve-15/owbezhg7IJyQ5dAFEB1ByDfZy687qANPAPAuqc/?a=6383&ch=54&cr=3&dr=0&lr=all&cd=0%7C0%7C0%7C3&cv=1&br=4032&bt=4032&cs=0&ds=4&ft=AJkeU_TLRR0si0C4kYj2Nc.xBiGNbLYE3O-U_4YPfb2JNv7TGW&mime_type=video_mp4&qs=0&rc=aWZmNjdnZDs8ZTUzNDY8M0BpM2xpdjM6Zmh5cTMzNGkzM0A1Ll8wMzNjXl8xNTBiLWIzYSNyZ2sxcjQwXjVgLS1kLTBzcw%3D%3D&btag=80000e00020000&cquery=100B_100x_100z_100o_101B&dy_q=1775906429&feature_id=59cb2766d89ae6284516c6a254e9fb61&l=2026041119202991C1DECC5D2A8A096FF1,https://www.iesdouyin.com/share/video/7336915386367020303/?region=CN&mid=7181767056973400836&u_code=0&did=MS4wLjABAAAANwkJuWIRFOzg5uCpDRpMj4OX-QryoDgn-yYlXQnRwQQ&iid=MS4wLjABAAAANwkJuWIRFOzg5uCpDRpMj4OX-QryoDgn-yYlXQnRwQQ&with_sec_did=1&video_share_track_ver=&titleType=title&share_sign=kheci766WDzM0Fur2MwpedKkBj9haXjMPD5uFQlIwD0-&share_version=170400&ts=1775906429&from_aid=6383&from_ssr=1&share_track_info=%7B%22link_description_type%22%3A%22%22%7D
35,7589104635908014409,在云南明媚一下  #浅跳一下 #folded #新年这么穿带着必出片的决心,11.7,2025-12-29 10:42:00,白昼小熊,426429,1451,13704,12924,6545270,https://p3-pc-sign.douyinpic.com/image-cut-tos-priv/ce30e41b2f8ba1e87a48de13a8ab1022~tplv-dy-resize-origshort-autoq-75:330.jpeg?lk3s=138a59ce&x-expires=2091265200&x-signature=yEI%2BNudyBH0Dauk%2Bno9%2FANCDobo%3D&from=327834062&s=PackSourceEnum_MIX_AWEME&se=false&sc=cover&biz_tag=pcweb_cover&l=2026041119202991C1DECC5D2A8A096FF1,https://v26-web.douyinvod.com/ce2142ea73ae221a3857d88eb174e43b/69da58b8/video/tos/cn/tos-cn-ve-15c000-ce/o8PD4MJaGA7K9wBBZ2PqIRU5XYH5wVhiQEHAi/?a=6383&ch=54&cr=3&dr=0&lr=all&cd=0%7C0%7C0%7C3&cv=1&br=5169&bt=5169&cs=0&ds=4&ft=AJkeU_TLRR0si0C4kYj2Nc.xBiGNbLYE3O-U_4YPfb2JNv7TGW&mime_type=video_mp4&qs=0&rc=OmRkNzdoNzM7NjU2OzdoZEBpanI6NHc5cm54ODMzbGkzNEBeMGNjMzM1XjAxYWFhYl8yYSNwZGVsMmQ0aDVhLS1kLWJzcw%3D%3D&btag=80000e00008000&cquery=100x_100z_100o_101B_100B&dy_q=1775906429&feature_id=0ea98fd3bdc3c6c14a3d0804cc272721&l=2026041119202991C1DECC5D2A8A096FF1,https://www.iesdouyin.com/share/video/7589104635908014409/?region=CN&mid=7589104451925445376&u_code=0&did=MS4wLjABAAAANwkJuWIRFOzg5uCpDRpMj4OX-QryoDgn-yYlXQnRwQQ&iid=MS4wLjABAAAANwkJuWIRFOzg5uCpDRpMj4OX-QryoDgn-yYlXQnRwQQ&with_sec_did=1&video_share_track_ver=&titleType=title&share_sign=GYc5YWlaiAgnW4YDSPnZtccawcNqpzUSR6xQDFAsXIc-&share_version=170400&ts=1775906429&from_aid=6383&from_ssr=1&share_track_info=%7B%22link_description_type%22%3A%22%22%7D
36,7569675338914982602,我们吞咽了太多意义，其实生命只需要呼吸 #这个冬天不能没有毛茸茸 #旅行转场 原创cr.ariel zheng,9.8,2025-11-07 11:00:00,白昼小熊,694383,2953,19961,24175,6940739,https://p9-pc-sign.douyinpic.com/image-cut-tos-priv/5396d08ea04c76ddc76248a3d5278d4e~tplv-dy-resize-origshort-autoq-75:330.jpeg?lk3s=138a59ce&x-expires=2091265200&x-signature=MjTyXjEjmGWVZbWnffOyOGa4xAM%3D&from=327834062&s=PackSourceEnum_MIX_AWEME&se=false&sc=cover&biz_tag=pcweb_cover&l=2026041119202991C1DECC5D2A8A096FF1,https://v26-web.douyinvod.com/201acf65160d77f24dda49d749b7ddee/69da58b6/video/tos/cn/tos-cn-ve-15/owDQGAfENgDipAeNJEBO96AJDrIPFMA7Do4OYN/?a=6383&ch=54&cr=3&dr=0&lr=all&cd=0%7C0%7C0%7C3&cv=1&br=3301&bt=3301&cs=0&ds=4&ft=AJkeU_TLRR0si0C4kYj2Nc.xBiGNbLYE3O-U_4YPfb2JNv7TGW&mime_type=video_mp4&qs=0&rc=NWQ8ZjY8Zjc8aDg1NjU0OEBpMzZzZ245cjNoNzMzNGkzM0A1Li4wNTA1NjMxYzMuM15hYSNjbmAvMmQ0NDNhLS1kLWFzcw%3D%3D&btag=80000e00008000&cquery=100z_100o_101B_100B_100x&dy_q=1775906429&feature_id=0ea98fd3bdc3c6c14a3d0804cc272721&l=2026041119202991C1DECC5D2A8A096FF1,https://www.iesdouyin.com/share/video/7569675338914982602/?region=CN&mid=7569675273923349286&u_code=0&did=MS4wLjABAAAANwkJuWIRFOzg5uCpDRpMj4OX-QryoDgn-yYlXQnRwQQ&iid=MS4wLjABAAAANwkJuWIRFOzg5uCpDRpMj4OX-QryoDgn-yYlXQnRwQQ&with_sec_did=1&video_share_track_ver=&titleType=title&share_sign=DK5.ft0nWEHJs_uek3KCeMIcTZ6ZpYLnaiz0_q3MGGo-&share_version=170400&ts=1775906429&from_aid=6383&from_ssr=1&share_track_info=%7B%22link_description_type%22%3A%22%22%7D
37,7593649641368251849,出门考察世界！ #暖冬citywalk就这样穿 #旅行碎片 #云南,15.0,2026-01-10 16:38:54,白昼小熊,651386,1828,23703,21889,12966778,https://p3-pc-sign.douyinpic.com/image-cut-tos-priv/ee932fc737ce4752adbb703ccf42ad2f~tplv-dy-resize-origshort-autoq-75:330.jpeg?lk3s=138a59ce&x-expires=2091265200&x-signature=sWEHPMqydTyBeneldNcqJgpGq40%3D&from=327834062&s=PackSourceEnum_MIX_AWEME&se=false&sc=cover&biz_tag=pcweb_cover&l=2026041119202991C1DECC5D2A8A096FF1,https://v26-web.douyinvod.com/d9b15d099ce9c78fcd268db9607a1f91/69da58bc/video/tos/cn/tos-cn-ve-15c000-ce/ogf9IAf4W0zC9EriUcBxEq5EwQijEpAgYzBnzi/?a=6383&ch=54&cr=3&dr=0&lr=all&cd=0%7C0%7C0%7C3&cv=1&br=2620&bt=2620&cs=0&ds=4&ft=AJkeU_TLRR0si0C4kYj2Nc.xBiGNbLYE3O-U_4YPfb2JNv7TGW&mime_type=video_mp4&qs=0&rc=Njs7Z2U1OTZoZjk4ZjppOUBpM246ZG45cnMzODMzbGkzNUBhYmNiLWEzXi4xNmBgNDVgYSNfM3NwMmRzc2VhLS1kLTRzcw%3D%3D&btag=80000e00010000&cquery=101B_100B_100x_100z_100o&dy_q=1775906429&feature_id=0ea98fd3bdc3c6c14a3d0804cc272721&l=2026041119202991C1DECC5D2A8A096FF1,https://www.iesdouyin.com/share/video/7593649641368251849/?region=CN&mid=7585045470595304207&u_code=0&did=MS4wLjABAAAANwkJuWIRFOzg5uCpDRpMj4OX-QryoDgn-yYlXQnRwQQ&iid=MS4wLjABAAAANwkJuWIRFOzg5uCpDRpMj4OX-QryoDgn-yYlXQnRwQQ&with_sec_did=1&video_share_track_ver=&titleType=title&share_sign=yeSHYyu5xJy9uwgmerYRtvaAGBE.O4B9rYMf_6gUJXA-&share_version=170400&ts=1775906429&from_aid=6383&from_ssr=1&share_track_info=%7B%22link_description_type%22%3A%22%22%7D
38,7563245455497383208,夏日的尽头 是满山的秋 #比冬天先来的是暖系流光,12.5,2025-10-20 18:15:11,白昼小熊,708822,3278,19028,29550,5059295,https://p3-pc-sign.douyinpic.com/image-cut-tos-priv/d6f0dd5af4075fb9001da9322b955c5d~tplv-dy-resize-origshort-autoq-75:330.jpeg?lk3s=138a59ce&x-expires=2091265200&x-signature=CK6U%2BWPnB7BfZLpmJHOGNweaR2Q%3D&from=327834062&s=PackSourceEnum_MIX_AWEME&se=false&sc=cover&biz_tag=pcweb_cover&l=2026041119202991C1DECC5D2A8A096FF1,https://v26-web.douyinvod.com/27a12be2f3f78aaf9e4c0230ea5508b0/69da58b9/video/tos/cn/tos-cn-ve-15/ocz6PCVQaPm9DIdtAWAYiOzE8QBivP326LwYI/?a=6383&ch=54&cr=3&dr=0&lr=all&cd=0%7C0%7C0%7C3&cv=1&br=1938&bt=1938&cs=0&ds=4&ft=AJkeU_TLRR0si0C4kYj2Nc.xBiGNbLYE3O-U_4YPfb2JNv7TGW&mime_type=video_mp4&qs=0&rc=NDY0Mzg1ZTtnNjdpZTNkNkBpanJoeXQ5cnAzNjMzNGkzM0AuY2EvNV9fXmIxNjZiNGIvYSNvYGJiMmRram9hLS1kLTBzcw%3D%3D&btag=80000e00008000&cquery=101B_100B_100x_100z_100o&dy_q=1775906429&feature_id=0ea98fd3bdc3c6c14a3d0804cc272721&l=2026041119202991C1DECC5D2A8A096FF1,https://www.iesdouyin.com/share/video/7563245455497383208/?region=CN&mid=7523069356721654547&u_code=0&did=MS4wLjABAAAANwkJuWIRFOzg5uCpDRpMj4OX-QryoDgn-yYlXQnRwQQ&iid=MS4wLjABAAAANwkJuWIRFOzg5uCpDRpMj4OX-QryoDgn-yYlXQnRwQQ&with_sec_did=1&video_share_track_ver=&titleType=title&share_sign=xbWs.EDIRUMOKYTi2AZ4VqHLaLjAmT1rylMKeNr3KVc-&share_version=170400&ts=1775906429&from_aid=6383&from_ssr=1&share_track_info=%7B%22link_description_type%22%3A%22%22%7D
39,7562087701727677715,世界宽广 请别走进悲伤的角落 #内蒙古 #屏幕亮度转场 #暖系流光 #秋冬必备的流光妆 yc@兰月亮,13.7,2025-10-17 15:22:33,白昼小熊,576662,1469,14695,13868,3739785,https://p3-pc-sign.douyinpic.com/image-cut-tos-priv/74b41305c1e75fe1872b3648f2a6871c~tplv-dy-resize-origshort-autoq-75:330.jpeg?lk3s=138a59ce&x-expires=2091265200&x-signature=om2X8QEvCRedtpG1%2Bu4pPMuk7NM%3D&from=327834062&s=PackSourceEnum_MIX_AWEME&se=false&sc=cover&biz_tag=pcweb_cover&l=2026041119202991C1DECC5D2A8A096FF1,https://v26-web.douyinvod.com/fb5523ffc07c54123e2ab1b209a63bf5/69da58ba/video/tos/cn/tos-cn-ve-15/oUFhI9EIQBARS64f38FGx3fP4G6FpBAqDCe7gx/?a=6383&ch=54&cr=3&dr=0&lr=all&cd=0%7C0%7C0%7C3&cv=1&br=1653&bt=1653&cs=0&ds=4&ft=AJkeU_TLRR0si0C4kYj2Nc.xBiGNbLYE3O-U_4YPfb2JNv7TGW&mime_type=video_mp4&qs=0&rc=N2c3Ozk0ZjRkNDtoZmY6NkBpMzdkcHI5cjd4NjMzNGkzM0AwM15jMzI2NTAxMy5gNmMwYSNiY3BuMmRrcWxhLS1kLTBzcw%3D%3D&btag=80000e00008000&cquery=100z_100o_101B_100B_100x&dy_q=1775906429&feature_id=0ea98fd3bdc3c6c14a3d0804cc272721&l=2026041119202991C1DECC5D2A8A096FF1,https://www.iesdouyin.com/share/video/7562087701727677715/?region=CN&mid=7539174585337514804&u_code=0&did=MS4wLjABAAAANwkJuWIRFOzg5uCpDRpMj4OX-QryoDgn-yYlXQnRwQQ&iid=MS4wLjABAAAANwkJuWIRFOzg5uCpDRpMj4OX-QryoDgn-yYlXQnRwQQ&with_sec_did=1&video_share_track_ver=&titleType=title&share_sign=ufrEerPlFI2XYTrGS4SeaElk3.t5OmfEPoNQTLPIRDs-&share_version=170400&ts=1775906429&from_aid=6383&from_ssr=1&share_track_info=%7B%22link_description_type%22%3A%22%22%7D
40,7557280196748250420,旅行跳这个让人开心的转场舞！！  #rix阳光灿烂的日子 #黄kaka编舞 #东方美这一块从没输过 #hello时尚季,25.1,2025-10-04 16:26:56,白昼小熊,626460,1985,25326,25321,5643067,https://p3-pc-sign.douyinpic.com/image-cut-tos-priv/67fd6bc672709f7a47c943cbfbbd83a9~tplv-dy-resize-origshort-autoq-75:330.jpeg?lk3s=138a59ce&x-expires=2091265200&x-signature=qTPntBv2DE8V3y2gXHBsIsXRL3k%3D&from=327834062&s=PackSourceEnum_MIX_AWEME&se=false&sc=cover&biz_tag=pcweb_cover&l=2026041119202991C1DECC5D2A8A096FF1,https://v26-web.douyinvod.com/af390d7d9c0bcac05e21954003fee321/69da58c6/video/tos/cn/tos-cn-ve-15/oUBz4QvA9IiAfDSfqXQgkrDouJGFEAZNBgJnt4/?a=6383&ch=54&cr=3&dr=0&lr=all&cd=0%7C0%7C0%7C3&cv=1&br=2726&bt=2726&cs=0&ds=4&ft=AJkeU_TLRR0si0C4kYj2Nc.xBiGNbLYE3O-U_4YPfb2JNv7TGW&mime_type=video_mp4&qs=0&rc=PDQzPDZmODRlOmdlN2RmaEBpanZxbm85cnBnNjMzNGkzM0A1XzIwLTAxXl8xX2AyNmFgYSMuZ2Y1MmRjZ2RhLS1kLTBzcw%3D%3D&btag=80000e00010000&cquery=100z_100o_101B_100B_100x&dy_q=1775906429&feature_id=0ea98fd3bdc3c6c14a3d0804cc272721&l=2026041119202991C1DECC5D2A8A096FF1,https://www.iesdouyin.com/share/video/7557280196748250420/?region=CN&mid=7557280143983528740&u_code=0&did=MS4wLjABAAAANwkJuWIRFOzg5uCpDRpMj4OX-QryoDgn-yYlXQnRwQQ&iid=MS4wLjABAAAANwkJuWIRFOzg5uCpDRpMj4OX-QryoDgn-yYlXQnRwQQ&with_sec_did=1&video_share_track_ver=&titleType=title&share_sign=UaxN4cdCvZoXqxIQnqOY.dDWAKH_RgS7Wkpb78yWRXg-&share_version=170400&ts=1775906429&from_aid=6383&from_ssr=1&share_track_info=%7B%22link_description_type%22%3A%22%22%7D
41,7513087637901774120,诡秘，请和我拍比心转场！！   \(o´ᗜ`o)/ #超清爽的夏天ootd #转场 #夏天该有的样子,11.9,2025-06-07 14:17:19,白昼小熊,727074,3393,46392,72818,10388960,https://p3-pc-sign.douyinpic.com/image-cut-tos-priv/ba4fb1004568ef6090370dafe70f96a6~tplv-dy-resize-origshort-autoq-75:330.jpeg?lk3s=138a59ce&x-expires=2091265200&x-signature=Xfu2uRDeBkfAKz%2Bq7Z2ZiwKbmsE%3D&from=327834062&s=PackSourceEnum_MIX_AWEME&se=false&sc=cover&biz_tag=pcweb_cover&l=2026041119202991C1DECC5D2A8A096FF1,https://v26-web.douyinvod.com/0ac2645276e0651ac167705de0af47c6/69da58b8/video/tos/cn/tos-cn-ve-15/oUaBBhfGjIA7PMyF2OxKSfgfyAElTCDzQQ47HF/?a=6383&ch=54&cr=3&dr=0&lr=all&cd=0%7C0%7C0%7C3&cv=1&br=4172&bt=4172&cs=0&ds=4&ft=AJkeU_TLRR0si0C4kYj2Nc.xBiGNbLYE3O-U_4YPfb2JNv7TGW&mime_type=video_mp4&qs=0&rc=NWQ2ZjhlOzQ2ZWQ8ODk2O0Bpajprcmw5cnF3NDMzNGkzM0AyMDAyMTE2NWMxLmNiX2FiYSNwamtoMmRzZi5hLS1kLTBzcw%3D%3D&btag=80000e00008000&cquery=101B_100B_100x_100z_100o&dy_q=1775906429&feature_id=b1cb202f98cf51d95e455ae01e100ce9&l=2026041119202991C1DECC5D2A8A096FF1,https://www.iesdouyin.com/share/video/7513087637901774120/?region=CN&mid=7508175979341187876&u_code=0&did=MS4wLjABAAAANwkJuWIRFOzg5uCpDRpMj4OX-QryoDgn-yYlXQnRwQQ&iid=MS4wLjABAAAANwkJuWIRFOzg5uCpDRpMj4OX-QryoDgn-yYlXQnRwQQ&with_sec_did=1&video_share_track_ver=&titleType=title&share_sign=qtvwt1ov0PeW1HNobWoyevPuzatUJpRdjW_xxh68OeE-&share_version=170400&ts=1775906429&from_aid=6383&from_ssr=1&share_track_info=%7B%22link_description_type%22%3A%22%22%7D
42,7514988744405208354,要和饭搭子拍的第100个吃饭视频！（cr.riize） #恋夏风 #不小心染上恋夏风了怎么办 #吃饭香香身体棒棒,6.9,2025-06-12 17:14:31,白昼小熊,387031,2450,16647,34815,4447065,https://p3-pc-sign.douyinpic.com/image-cut-tos-priv/7ee644224f90b5aeb02afe1c17b2d6ae~tplv-dy-resize-origshort-autoq-75:330.jpeg?lk3s=138a59ce&x-expires=2091265200&x-signature=zrwXLHU9jpUk%2FUSdewgZMZdZ8gg%3D&from=327834062&s=PackSourceEnum_MIX_AWEME&se=false&sc=cover&biz_tag=pcweb_cover&l=2026041119202991C1DECC5D2A8A096FF1,https://v26-web.douyinvod.com/22b602126e463102df2e6cffdd27759d/69da58b3/video/tos/cn/tos-cn-ve-15/oQspfgCDoBJ5QWVFEHKpSAQ9AA4afSLgw9IHSy/?a=6383&ch=54&cr=3&dr=0&lr=all&cd=0%7C0%7C0%7C3&cv=1&br=4239&bt=4239&cs=0&ds=4&ft=AJkeU_TLRR0si0C4kYj2Nc.xBiGNbLYE3O-U_4YPfb2JNv7TGW&mime_type=video_mp4&qs=0&rc=Ojs6aTk0NWY6aDlmPGQ4NUBpMztqaHY5cnY8NDMzNGkzM0AzMmMzNDE2NWAxL2BfYDIwYSNfaTBzMmRraDJhLS1kLS9zcw%3D%3D&btag=80000e00008000&cquery=100z_100o_101B_100B_100x&dy_q=1775906429&feature_id=136e8d81b95d650c236697554379e663&l=2026041119202991C1DECC5D2A8A096FF1,https://www.iesdouyin.com/share/video/7514988744405208354/?region=CN&mid=7433717179488029494&u_code=0&did=MS4wLjABAAAANwkJuWIRFOzg5uCpDRpMj4OX-QryoDgn-yYlXQnRwQQ&iid=MS4wLjABAAAANwkJuWIRFOzg5uCpDRpMj4OX-QryoDgn-yYlXQnRwQQ&with_sec_did=1&video_share_track_ver=&titleType=title&share_sign=DWymuPyLdx6pmxQSeP8bIUe6xEgfm_7pgDFQ05GU34g-&share_version=170400&ts=1775906429&from_aid=6383&from_ssr=1&share_track_info=%7B%22link_description_type%22%3A%22%22%7D
43,7505404160746589455,今天在沙尘里当一下西域公主 #鸳鸯戏手势舞 #浅跳一下 #抖音落日合唱派对,22.5,2025-05-17 21:21:27,白昼小熊,577230,2381,27863,41386,6399817,https://p3-pc-sign.douyinpic.com/image-cut-tos-priv/3336dcf21cb76f1f433de05e063e6af2~tplv-dy-resize-origshort-autoq-75:330.jpeg?lk3s=138a59ce&x-expires=2091265200&x-signature=5oKKzOdOseGUaGYMOnDyz5Dtatg%3D&from=327834062&s=PackSourceEnum_MIX_AWEME&se=false&sc=cover&biz_tag=pcweb_cover&l=2026041119202991C1DECC5D2A8A096FF1,https://v26-web.douyinvod.com/d31714ab992515fe97f6fb725b20be4c/69da58c3/video/tos/cn/tos-cn-ve-15/oIBJTi0QaEHFmiwAIDxfUICp19WTBeggx0IEAA/?a=6383&ch=54&cr=3&dr=0&lr=all&cd=0%7C0%7C0%7C3&cv=1&br=8125&bt=8125&cs=0&ds=4&ft=AJkeU_TLRR0si0C4kYj2Nc.xBiGNbLYE3O-U_4YPfb2JNv7TGW&mime_type=video_mp4&qs=0&rc=OjY6NThnZmU4M2Y1NzRkNkBpajs2NW45cm07MzMzNGkzM0BgMy1hM2AvNV4xMzEvNC8zYSM2bjZkMmRjbmhhLS1kLTBzcw%3D%3D&btag=80000e00010000&cquery=101B_100B_100x_100z_100o&dy_q=1775906429&feature_id=59cb2766d89ae6284516c6a254e9fb61&l=2026041119202991C1DECC5D2A8A096FF1,https://www.iesdouyin.com/share/video/7505404160746589455/?region=CN&mid=7505404158825073418&u_code=0&did=MS4wLjABAAAANwkJuWIRFOzg5uCpDRpMj4OX-QryoDgn-yYlXQnRwQQ&iid=MS4wLjABAAAANwkJuWIRFOzg5uCpDRpMj4OX-QryoDgn-yYlXQnRwQQ&with_sec_did=1&video_share_track_ver=&titleType=title&share_sign=DNIz01KQFpQ1DgvSSR958FZ65z.p4aC8_L7zrXsBO3s-&share_version=170400&ts=1775906429&from_aid=6383&from_ssr=1&share_track_info=%7B%22link_description_type%22%3A%22%22%7D
44,7500952745908030754,花火续昼，星月藏春 #青春的浪漫在这一刻具像化了 #抖音落日合唱派对#炽子烟花绽放沙漠,13.3,2025-05-05 21:27:46,白昼小熊,1224870,5472,26057,120111,11196348,https://p3-pc-sign.douyinpic.com/image-cut-tos-priv/f0b09107bea30faf45a3e4db5fd38903~tplv-dy-resize-origshort-autoq-75:330.jpeg?lk3s=138a59ce&x-expires=2091265200&x-signature=1pfo0n0qU1%2BqrHX7R57ICNgyZBQ%3D&from=327834062&s=PackSourceEnum_MIX_AWEME&se=false&sc=cover&biz_tag=pcweb_cover&l=2026041119202991C1DECC5D2A8A096FF1,https://v26-web.douyinvod.com/e8629b63d1bed5340208450cd8b4c39f/69da58ba/video/tos/cn/tos-cn-ve-15c001-alinc2/oAA4DsdQvIZ9iVEP8EwxBaIitQi8BAsPbYwrt/?a=6383&ch=54&cr=3&dr=0&lr=all&cd=0%7C0%7C0%7C3&cv=1&br=3055&bt=3055&cs=0&ds=4&ft=AJkeU_TLRR0si0C4kYj2Nc.xBiGNbLYE3O-U_4YPfb2JNv7TGW&mime_type=video_mp4&qs=0&rc=aDpoZjw7OGdlNTozMzk1O0Bpamo1dWs5cnVlMzMzNGkzM0BgLjUxYWNiXy8xMmEwNF4uYSNya2NeMmQ0bGBhLS1kLTBzcw%3D%3D&btag=80000e00008000&cquery=101B_100B_100x_100z_100o&dy_q=1775906429&feature_id=46a7bb47b4fd1280f3d3825bf2b29388&l=2026041119202991C1DECC5D2A8A096FF1,https://www.iesdouyin.com/share/video/7500952745908030754/?region=CN&mid=7425476611582724914&u_code=0&did=MS4wLjABAAAANwkJuWIRFOzg5uCpDRpMj4OX-QryoDgn-yYlXQnRwQQ&iid=MS4wLjABAAAANwkJuWIRFOzg5uCpDRpMj4OX-QryoDgn-yYlXQnRwQQ&with_sec_did=1&video_share_track_ver=&titleType=title&share_sign=H4QpQtDDqAwDEWA7yLXDrgLixFcQXenuxkJbUZ9xtQo-&share_version=170400&ts=1775906429&from_aid=6383&from_ssr=1&share_track_info=%7B%22link_description_type%22%3A%22%22%7D
45,7499743179554491674,51慢慢过 淡淡嘟快乐 #零点五倍速过假期 #玩个很新的东西,18.2,2025-05-02 15:14:02,白昼小熊,828081,7713,23781,188060,12214108,https://p3-pc-sign.douyinpic.com/image-cut-tos-priv/ac9b985224e2bc0d1c20546cbb1866e1~tplv-dy-resize-origshort-autoq-75:330.jpeg?lk3s=138a59ce&x-expires=2091265200&x-signature=gzwN6WTDPOC%2F6epHvd5W8j%2F%2BR8s%3D&from=327834062&s=PackSourceEnum_MIX_AWEME&se=false&sc=cover&biz_tag=pcweb_cover&l=2026041119202991C1DECC5D2A8A096FF1,https://v26-web.douyinvod.com/b9bdb1e918c9b985e15482187c5ff203/69da58bf/video/tos/cn/tos-cn-ve-15c001-alinc2/o4QqIgAh93ZFAeDowFYbftc6UCoAbEjgDgHLBW/?a=6383&ch=54&cr=3&dr=0&lr=all&cd=0%7C0%7C0%7C3&cv=1&br=7987&bt=7987&cs=0&ds=4&ft=AJkeU_TLRR0si0C4kYj2Nc.xBiGNbLYE3O-U_4YPfb2JNv7TGW&mime_type=video_mp4&qs=0&rc=ZzU1ZTY4PDtlZWRoZzM1ZEBpM3BtOm45cjk6MzMzNGkzM0A2LTJjY2MyNWAxLS5iYzBfYSNpLTZgMmRzLl5hLS1kLTBzcw%3D%3D&btag=80000e00010000&cquery=100x_100z_100o_101B_100B&dy_q=1775906429&feature_id=59cb2766d89ae6284516c6a254e9fb61&l=2026041119202991C1DECC5D2A8A096FF1,https://www.iesdouyin.com/share/video/7499743179554491674/?region=CN&mid=7499743131732609855&u_code=0&did=MS4wLjABAAAANwkJuWIRFOzg5uCpDRpMj4OX-QryoDgn-yYlXQnRwQQ&iid=MS4wLjABAAAANwkJuWIRFOzg5uCpDRpMj4OX-QryoDgn-yYlXQnRwQQ&with_sec_did=1&video_share_track_ver=&titleType=title&share_sign=Cx9rJizSDhD4QfmxQwZpjYNHUtSrSaXM_HWcn21ABSA-&share_version=170400&ts=1775906429&from_aid=6383&from_ssr=1&share_track_info=%7B%22link_description_type%22%3A%22%22%7D
46,7614414911245944050,Stop，wait a minute ！ #uptownfunk #hello时尚季 #谁能拒绝来时装周现场看秀呢 #用中式美学打开时装周,16.5,2026-03-07 15:38:45,白昼小熊,2385068,8011,80037,59032,47399511,https://p3-pc-sign.douyinpic.com/image-cut-tos-priv/489cf002a58872bf03a6d068cc31489e~tplv-dy-resize-origshort-autoq-75:330.jpeg?lk3s=138a59ce&x-expires=2091265200&x-signature=IIMwyhVwR2jH4xY9%2BlJCAzyvsPk%3D&from=327834062&s=PackSourceEnum_MIX_AWEME&se=false&sc=cover&biz_tag=pcweb_cover&l=20260411192030C4AAD35248067B094F0E,https://v26-web.douyinvod.com/4544b12eb555fcc428366850d79d709c/69da58be/video/tos/cn/tos-cn-ve-15/oMfcfADqyrlA9F97pEvyWgNAgQcXBLLIKPx9Ep/?a=6383&ch=54&cr=3&dr=0&lr=all&cd=0%7C0%7C0%7C3&cv=1&br=2542&bt=2542&cs=0&ds=4&ft=AJkeU_TLRR0si0C4kYj2Nc.xBiGNbLZE3O-U_4YPfb2JNv7TGW&mime_type=video_mp4&qs=0&rc=OWk8O2c1NDllOmg5Zzk4PEBpanFxNHI5cmZ3OTMzNGkzM0BiMmNgMF8zXjAxYDE2NWNjYSNwNmNlMmRrX2lhLS1kLWFzcw%3D%3D&btag=80000e00010000&cquery=101B_100B_100x_100z_100o&dy_q=1775906430&feature_id=0ea98fd3bdc3c6c14a3d0804cc272721&l=20260411192030C4AAD35248067B094F0E,https://www.iesdouyin.com/share/video/7614414911245944050/?region=CN&mid=7447888020081691433&u_code=0&did=MS4wLjABAAAANwkJuWIRFOzg5uCpDRpMj4OX-QryoDgn-yYlXQnRwQQ&iid=MS4wLjABAAAANwkJuWIRFOzg5uCpDRpMj4OX-QryoDgn-yYlXQnRwQQ&with_sec_did=1&video_share_track_ver=&titleType=title&share_sign=9Gga6UZco2eAKIP6h8kYC3rAaOGelIBKGUPT5KfcS4s-&share_version=170400&ts=1775906430&from_aid=6383&from_ssr=1&share_track_info=%7B%22link_description_type%22%3A%22%22%7D
47,7494246111838866722,可以定格时间的旅行转场找到啦！ #一键变装夏日凉感穿搭 #旅行转场,14.4,2025-04-17 19:42:45,白昼小熊,406218,1146,11578,19114,4186593,https://p3-pc-sign.douyinpic.com/image-cut-tos-priv/37bd2301e74f731ae6cc3deca5d39d81~tplv-dy-resize-origshort-autoq-75:330.jpeg?lk3s=138a59ce&x-expires=2091265200&x-signature=YzMf1iRMN4wVvVumCAnRTJXPht8%3D&from=327834062&s=PackSourceEnum_MIX_AWEME&se=false&sc=cover&biz_tag=pcweb_cover&l=20260411192030C4AAD35248067B094F0E,https://v26-web.douyinvod.com/a19d32ac4999a7a95f4dda5a7617cb04/69da58bc/video/tos/cn/tos-cn-ve-15/o4ZIQJBoAgxIfA94bEVLfg7AEulDAFiiODtDNA/?a=6383&ch=54&cr=3&dr=0&lr=all&cd=0%7C0%7C0%7C3&cv=1&br=7906&bt=7906&cs=0&ds=4&ft=AJkeU_TLRR0si0C4kYj2Nc.xBiGNbLZE3O-U_4YPfb2JNv7TGW&mime_type=video_mp4&qs=0&rc=ZDpmaGU7PGk2OGQ3NDk6O0BpM3d1PGs5cmVoMzMzNGkzM0AtMjFhM2FgNV4xLjYxMWI0YSNyYS0zMmRrZS1hLS1kLTBzcw%3D%3D&btag=80000e00008000&cquery=100x_100z_100o_101B_100B&dy_q=1775906430&feature_id=59cb2766d89ae6284516c6a254e9fb61&l=20260411192030C4AAD35248067B094F0E,https://www.iesdouyin.com/share/video/7494246111838866722/?region=CN&mid=7494246147138128667&u_code=0&did=MS4wLjABAAAANwkJuWIRFOzg5uCpDRpMj4OX-QryoDgn-yYlXQnRwQQ&iid=MS4wLjABAAAANwkJuWIRFOzg5uCpDRpMj4OX-QryoDgn-yYlXQnRwQQ&with_sec_did=1&video_share_track_ver=&titleType=title&share_sign=6CjwswRMMj_5PdGXA8NU5gq0gQoSG7ucjmuAYwTkiOs-&share_version=170400&ts=1775906430&from_aid=6383&from_ssr=1&share_track_info=%7B%22link_description_type%22%3A%22%22%7D
48,7493346153598176552,我们迟迟未见 像过期的春天 #当我开始尝试白月光清冷妆 #宝藏成分白月光,13.8,2025-04-15 09:30:48,白昼小熊,637903,1413,12066,29898,5610465,https://p3-pc-sign.douyinpic.com/image-cut-tos-priv/94a3a6c5cb8a52e0fb496ddd3285d454~tplv-dy-resize-origshort-autoq-75:330.jpeg?lk3s=138a59ce&x-expires=2091265200&x-signature=BzA%2BBAv%2B%2Fc42GYiNicreTpbx8EQ%3D&from=327834062&s=PackSourceEnum_MIX_AWEME&se=false&sc=cover&biz_tag=pcweb_cover&l=20260411192030C4AAD35248067B094F0E,https://v26-web.douyinvod.com/09c986ea924119d3fda714130e394972/69da58bb/video/tos/cn/tos-cn-ve-15/oAfzYWfEHInQ2ALsXE8IilPgVeHfAJePP1BGII/?a=6383&ch=54&cr=3&dr=0&lr=all&cd=0%7C0%7C0%7C3&cv=1&br=6493&bt=6493&cs=0&ds=4&ft=AJkeU_TLRR0si0C4kYj2Nc.xBiGNbLZE3O-U_4YPfb2JNv7TGW&mime_type=video_mp4&qs=0&rc=N2U6OjRpNjg1ODMzM2Q2NEBpM215bG85cjt1eTMzNGkzM0BfL2IyMDYzNS0xYmAyMDVfYSNmcDJsMmRzYXJgLS1kLTBzcw%3D%3D&btag=80000e00008000&cquery=100x_100z_100o_101B_100B&dy_q=1775906430&feature_id=59cb2766d89ae6284516c6a254e9fb61&l=20260411192030C4AAD35248067B094F0E,https://www.iesdouyin.com/share/video/7493346153598176552/?region=CN&mid=7493345514759523113&u_code=0&did=MS4wLjABAAAANwkJuWIRFOzg5uCpDRpMj4OX-QryoDgn-yYlXQnRwQQ&iid=MS4wLjABAAAANwkJuWIRFOzg5uCpDRpMj4OX-QryoDgn-yYlXQnRwQQ&with_sec_did=1&video_share_track_ver=&titleType=title&share_sign=79L9.zFRJb7e4qV2e0brmhOH3_qnAszI.RvtASDXV90-&share_version=170400&ts=1775906430&from_aid=6383&from_ssr=1&share_track_info=%7B%22link_description_type%22%3A%22%22%7D
49,7616004654052872602,你人不错，可以去法国排队 #旅行转场 #hello时尚季 #谁能拒绝来时装周现场看秀呢 #用中式美学打开时装周,20.0,2026-03-11 22:27:46,白昼小熊,1432784,5041,45442,38880,21398951,https://p3-pc-sign.douyinpic.com/image-cut-tos-priv/9607299d017b026a9acdaf502de88a26~tplv-dy-resize-origshort-autoq-75:330.jpeg?lk3s=138a59ce&x-expires=2091265200&x-signature=GhNOehubMRC0bmhW02Ur3Jvb9ZA%3D&from=327834062&s=PackSourceEnum_MIX_AWEME&se=false&sc=cover&biz_tag=pcweb_cover&l=20260411192030C4AAD35248067B094F0E,https://v26-web.douyinvod.com/6a47f323abf8b0104515aeee0388e2c8/69da58c1/video/tos/cn/tos-cn-ve-15/osNeQoIG39eEBecgfNeiHuYIjOLJ9tAiHXJrjA/?a=6383&ch=54&cr=3&dr=0&lr=all&cd=0%7C0%7C0%7C3&cv=1&br=3038&bt=3038&cs=0&ds=4&ft=AJkeU_TLRR0si0C4kYj2Nc.xBiGNbLZE3O-U_4YPfb2JNv7TGW&mime_type=video_mp4&qs=0&rc=OmhkOTRoNGc0ZDk1aTs5OUBpM3FoaXk5cmxxOTMzNGkzM0A0NjJiLjQyXy4xY2EtYjAvYSMzLmhjMmRza2xhLS1kLWFzcw%3D%3D&btag=80000e00010000&cquery=101B_100B_100x_100z_100o&dy_q=1775906430&feature_id=37f92ebd2877ae8e7eba995d406c5150&l=20260411192030C4AAD35248067B094F0E,https://www.iesdouyin.com/share/video/7616004654052872602/?region=CN&mid=7616004591046150921&u_code=0&did=MS4wLjABAAAANwkJuWIRFOzg5uCpDRpMj4OX-QryoDgn-yYlXQnRwQQ&iid=MS4wLjABAAAANwkJuWIRFOzg5uCpDRpMj4OX-QryoDgn-yYlXQnRwQQ&with_sec_did=1&video_share_track_ver=&titleType=title&share_sign=5Szh9FWG.FAsv2nnK6XlbJ2ZAs5Y.SYb9kuq99LKFGE-&share_version=170400&ts=1775906430&from_aid=6383&from_ssr=1&share_track_info=%7B%22link_description_type%22%3A%22%22%7D
